Aika,kWh
2021-11-29 12:00:00,112
2021-11-29 13:00:00,102
2021-11-29 14:00:00,104
2021-11-29 15:00:00,101
2021-11-29 16:00:00,96
2021-11-29 17:00:00,102
2021-11-29 18:00:00,101
2021-11-29 19:00:00,102
2021-11-29 20:00:00,99
2021-11-29 21:00:00,108
2021-11-29 22:00:00,107
2021-11-29 23:00:00,101
2021-11-30 00:00:00,107
2021-11-30 01:00:00,105
2021-11-30 02:00:00,110
2021-11-30 03:00:00,105
2021-11-30 04:00:00,110
2021-11-30 05:00:00,113
2021-11-30 06:00:00,110
2021-11-30 07:00:00,112
2021-11-30 08:00:00,118
2021-11-30 09:00:00,122
2021-11-30 10:00:00,117
2021-11-30 11:00:00,108
2021-11-30 12:00:00,108
2021-11-30 13:00:00,119
2021-11-30 14:00:00,109
2021-11-30 15:00:00,107
2021-11-30 16:00:00,114
2021-11-30 17:00:00,108
2021-11-30 18:00:00,111
2021-11-30 19:00:00,106
2021-11-30 20:00:00,108
2021-11-30 21:00:00,110
2021-11-30 22:00:00,109
2021-11-30 23:00:00,113
2021-12-01 00:00:00,103
2021-12-01 01:00:00,106
2021-12-01 02:00:00,104
2021-12-01 03:00:00,101
2021-12-01 04:00:00,103
2021-12-01 05:00:00,96
2021-12-01 06:00:00,94
2021-12-01 07:00:00,96
2021-12-01 08:00:00,93
2021-12-01 09:00:00,96
2021-12-01 10:00:00,94
2021-12-01 11:00:00,92
2021-12-01 12:00:00,94
2021-12-01 13:00:00,92
2021-12-01 14:00:00,91
2021-12-01 15:00:00,91
2021-12-01 16:00:00,95
2021-12-01 17:00:00,95
2021-12-01 18:00:00,98
2021-12-01 19:00:00,101
2021-12-01 20:00:00,103
2021-12-01 21:00:00,108
2021-12-01 22:00:00,113
2021-12-01 23:00:00,113
2021-12-02 00:00:00,109
2021-12-02 01:00:00,114
2021-12-02 02:00:00,104
2021-12-02 03:00:00,111
2021-12-02 04:00:00,110
2021-12-02 05:00:00,110
2021-12-02 06:00:00,111
2021-12-02 07:00:00,106
2021-12-02 08:00:00,106
2021-12-02 09:00:00,111
2021-12-02 10:00:00,104
2021-12-02 11:00:00,102
2021-12-02 12:00:00,103
2021-12-02 13:00:00,102
2021-12-02 14:00:00,99
2021-12-02 15:00:00,91
2021-12-02 16:00:00,96
2021-12-02 17:00:00,95
2021-12-02 18:00:00,96
2021-12-02 19:00:00,94
2021-12-02 20:00:00,90
2021-12-02 21:00:00,96
2021-12-02 22:00:00,101
2021-12-02 23:00:00,103
2021-12-03 00:00:00,105
2021-12-03 01:00:00,107
2021-12-03 02:00:00,104
2021-12-03 03:00:00,110
2021-12-03 04:00:00,108
2021-12-03 05:00:00,105
2021-12-03 06:00:00,115
2021-12-03 07:00:00,107
2021-12-03 08:00:00,113
2021-12-03 09:00:00,115
2021-12-03 10:00:00,108
2021-12-03 11:00:00,105
2021-12-03 12:00:00,108
2021-12-03 13:00:00,106
2021-12-03 14:00:00,106
2021-12-03 15:00:00,108
2021-12-03 16:00:00,106
2021-12-03 17:00:00,104
2021-12-03 18:00:00,101
2021-12-03 19:00:00,105
2021-12-03 20:00:00,96
2021-12-03 21:00:00,94
2021-12-03 22:00:00,99
2021-12-03 23:00:00,90
2021-12-04 00:00:00,91
2021-12-04 01:00:00,92
2021-12-04 02:00:00,88
2021-12-04 03:00:00,89
2021-12-04 04:00:00,93
2021-12-04 05:00:00,88
2021-12-04 06:00:00,94
2021-12-04 07:00:00,90
2021-12-04 08:00:00,96
2021-12-04 09:00:00,101
2021-12-04 10:00:00,102
2021-12-04 11:00:00,108
2021-12-04 12:00:00,111
2021-12-04 13:00:00,108
2021-12-04 14:00:00,116
2021-12-04 15:00:00,116
2021-12-04 16:00:00,126
2021-12-04 17:00:00,129
2021-12-04 18:00:00,125
2021-12-04 19:00:00,131
2021-12-04 20:00:00,128
2021-12-04 21:00:00,129
2021-12-04 22:00:00,127
2021-12-04 23:00:00,130
2021-12-05 00:00:00,127
2021-12-05 01:00:00,138
2021-12-05 02:00:00,130
2021-12-05 03:00:00,138
2021-12-05 04:00:00,134
2021-12-05 05:00:00,138
2021-12-05 06:00:00,144
2021-12-05 07:00:00,139
2021-12-05 08:00:00,145
2021-12-05 09:00:00,141
2021-12-05 10:00:00,139
2021-12-05 11:00:00,151
2021-12-05 12:00:00,143
2021-12-05 13:00:00,139
2021-12-05 14:00:00,141
2021-12-05 15:00:00,134
2021-12-05 16:00:00,136
2021-12-05 17:00:00,136
2021-12-05 18:00:00,141
2021-12-05 19:00:00,143
2021-12-05 20:00:00,147
2021-12-05 21:00:00,147
2021-12-05 22:00:00,149
2021-12-05 23:00:00,144
2021-12-06 00:00:00,150
2021-12-06 01:00:00,143
2021-12-06 02:00:00,147
2021-12-06 03:00:00,137
2021-12-06 04:00:00,137
2021-12-06 05:00:00,144
2021-12-06 06:00:00,131
2021-12-06 07:00:00,136
2021-12-06 08:00:00,132
2021-12-06 09:00:00,134
2021-12-06 10:00:00,130
2021-12-06 11:00:00,128
2021-12-06 12:00:00,127
2021-12-06 13:00:00,124
2021-12-06 14:00:00,125
2021-12-06 15:00:00,119
2021-12-06 16:00:00,129
2021-12-06 17:00:00,137
2021-12-06 18:00:00,138
2021-12-06 19:00:00,136
2021-12-06 20:00:00,135
2021-12-06 21:00:00,136
2021-12-06 22:00:00,134
2021-12-06 23:00:00,139
2021-12-07 00:00:00,135
2021-12-07 01:00:00,139
2021-12-07 02:00:00,148
2021-12-07 03:00:00,144
2021-12-07 04:00:00,155
2021-12-07 05:00:00,148
2021-12-07 06:00:00,149
2021-12-07 07:00:00,147
2021-12-07 08:00:00,147
2021-12-07 09:00:00,154
2021-12-07 10:00:00,148
2021-12-07 11:00:00,139
2021-12-07 12:00:00,134
2021-12-07 13:00:00,132
2021-12-07 14:00:00,131
2021-12-07 15:00:00,127
2021-12-07 16:00:00,129
2021-12-07 17:00:00,130
2021-12-07 18:00:00,143
2021-12-07 19:00:00,135
2021-12-07 20:00:00,146
2021-12-07 21:00:00,142
2021-12-07 22:00:00,153
2021-12-07 23:00:00,152
2021-12-08 00:00:00,153
2021-12-08 01:00:00,152
2021-12-08 02:00:00,150
2021-12-08 03:00:00,157
2021-12-08 04:00:00,153
2021-12-08 05:00:00,160
2021-12-08 06:00:00,155
2021-12-08 07:00:00,154
2021-12-08 08:00:00,164
2021-12-08 09:00:00,161
2021-12-08 10:00:00,169
2021-12-08 11:00:00,160
2021-12-08 12:00:00,161
2021-12-08 13:00:00,156
2021-12-08 14:00:00,157
2021-12-08 15:00:00,147
2021-12-08 16:00:00,149
2021-12-08 17:00:00,153
2021-12-08 18:00:00,154
2021-12-08 19:00:00,143
2021-12-08 20:00:00,150
2021-12-08 21:00:00,150
2021-12-08 22:00:00,149
2021-12-08 23:00:00,146
2021-12-09 00:00:00,139
2021-12-09 01:00:00,138
2021-12-09 02:00:00,130
2021-12-09 03:00:00,135
2021-12-09 04:00:00,117
2021-12-09 05:00:00,125
2021-12-09 06:00:00,121
2021-12-09 07:00:00,125
2021-12-09 08:00:00,128
2021-12-09 09:00:00,128
2021-12-09 10:00:00,124
2021-12-09 11:00:00,126
2021-12-09 12:00:00,131
2021-12-09 13:00:00,122
2021-12-09 14:00:00,120
2021-12-09 15:00:00,113
2021-12-09 16:00:00,116
2021-12-09 17:00:00,108
2021-12-09 18:00:00,110
2021-12-09 19:00:00,109
2021-12-09 20:00:00,101
2021-12-09 21:00:00,102
2021-12-09 22:00:00,104
2021-12-09 23:00:00,101
2021-12-10 00:00:00,101
2021-12-10 01:00:00,101
2021-12-10 02:00:00,100
2021-12-10 03:00:00,104
2021-12-10 04:00:00,100
2021-12-10 05:00:00,100
2021-12-10 06:00:00,99
2021-12-10 07:00:00,94
2021-12-10 08:00:00,102
2021-12-10 09:00:00,94
2021-12-10 10:00:00,98
2021-12-10 11:00:00,92
2021-12-10 12:00:00,87
2021-12-10 13:00:00,85
2021-12-10 14:00:00,84
2021-12-10 15:00:00,80
2021-12-10 16:00:00,83
2021-12-10 17:00:00,83
2021-12-10 18:00:00,89
2021-12-10 19:00:00,84
2021-12-10 20:00:00,85
2021-12-10 21:00:00,86
2021-12-10 22:00:00,85
2021-12-10 23:00:00,84
2021-12-11 00:00:00,88
2021-12-11 01:00:00,84
2021-12-11 02:00:00,85
2021-12-11 03:00:00,82
2021-12-11 04:00:00,82
2021-12-11 05:00:00,83
2021-12-11 06:00:00,81
2021-12-11 07:00:00,80
2021-12-11 08:00:00,84
2021-12-11 09:00:00,81
2021-12-11 10:00:00,84
2021-12-11 11:00:00,86
2021-12-11 12:00:00,82
2021-12-11 13:00:00,82
2021-12-11 14:00:00,84
2021-12-11 15:00:00,75
2021-12-11 16:00:00,80
2021-12-11 17:00:00,73
2021-12-11 18:00:00,75
2021-12-11 19:00:00,73
2021-12-11 20:00:00,72
2021-12-11 21:00:00,76
2021-12-11 22:00:00,72
2021-12-11 23:00:00,73
2021-12-12 00:00:00,77
2021-12-12 01:00:00,70
2021-12-12 02:00:00,71
2021-12-12 03:00:00,73
2021-12-12 04:00:00,69
2021-12-12 05:00:00,69
2021-12-12 06:00:00,72
2021-12-12 07:00:00,67
2021-12-12 08:00:00,70
2021-12-12 09:00:00,68
2021-12-12 10:00:00,70
2021-12-12 11:00:00,66
2021-12-12 12:00:00,71
2021-12-12 13:00:00,64
2021-12-12 14:00:00,66
2021-12-12 15:00:00,67
2021-12-12 16:00:00,67
2021-12-12 17:00:00,68
2021-12-12 18:00:00,66
2021-12-12 19:00:00,65
2021-12-12 20:00:00,70
2021-12-12 21:00:00,63
2021-12-12 22:00:00,67
2021-12-12 23:00:00,67
2021-12-13 00:00:00,65
2021-12-13 01:00:00,66
2021-12-13 02:00:00,68
2021-12-13 03:00:00,67
2021-12-13 04:00:00,67
2021-12-13 05:00:00,71
2021-12-13 06:00:00,70
2021-12-13 07:00:00,73
2021-12-13 08:00:00,70
2021-12-13 09:00:00,76
2021-12-13 10:00:00,75
2021-12-13 11:00:00,73
2021-12-13 12:00:00,72
2021-12-13 13:00:00,70
2021-12-13 14:00:00,66
2021-12-13 15:00:00,64
2021-12-13 16:00:00,66
2021-12-13 17:00:00,67
2021-12-13 18:00:00,63
2021-12-13 19:00:00,61
2021-12-13 20:00:00,61
2021-12-13 21:00:00,62
2021-12-13 22:00:00,63
2021-12-13 23:00:00,62
2021-12-14 00:00:00,66
2021-12-14 01:00:00,64
2021-12-14 02:00:00,65
2021-12-14 03:00:00,65
2021-12-14 04:00:00,63
2021-12-14 05:00:00,61
2021-12-14 06:00:00,62
2021-12-14 07:00:00,61
2021-12-14 08:00:00,65
2021-12-14 09:00:00,66
2021-12-14 10:00:00,64
2021-12-14 11:00:00,63
2021-12-14 12:00:00,65
2021-12-14 13:00:00,67
2021-12-14 14:00:00,68
2021-12-14 15:00:00,68
2021-12-14 16:00:00,68
2021-12-14 17:00:00,65
2021-12-14 18:00:00,66
2021-12-14 19:00:00,59
2021-12-14 20:00:00,59
2021-12-14 21:00:00,57
2021-12-14 22:00:00,60
2021-12-14 23:00:00,60
2021-12-15 00:00:00,59
2021-12-15 01:00:00,63
2021-12-15 02:00:00,60
2021-12-15 03:00:00,60
2021-12-15 04:00:00,63
2021-12-15 05:00:00,66
2021-12-15 06:00:00,65
2021-12-15 07:00:00,70
2021-12-15 08:00:00,70
2021-12-15 09:00:00,71
2021-12-15 10:00:00,69
2021-12-15 11:00:00,66
2021-12-15 12:00:00,65
2021-12-15 13:00:00,64
2021-12-15 14:00:00,58
2021-12-15 15:00:00,54
2021-12-15 16:00:00,54
2021-12-15 17:00:00,54
2021-12-15 18:00:00,52
2021-12-15 19:00:00,48
2021-12-15 20:00:00,49
2021-12-15 21:00:00,50
2021-12-15 22:00:00,54
2021-12-15 23:00:00,54
2021-12-16 00:00:00,58
2021-12-16 01:00:00,56
2021-12-16 02:00:00,62
2021-12-16 03:00:00,59
2021-12-16 04:00:00,61
2021-12-16 05:00:00,60
2021-12-16 06:00:00,59
2021-12-16 07:00:00,58
2021-12-16 08:00:00,60
2021-12-16 09:00:00,57
2021-12-16 10:00:00,58
2021-12-16 11:00:00,60
2021-12-16 12:00:00,60
2021-12-16 13:00:00,54
2021-12-16 14:00:00,55
2021-12-16 15:00:00,57
2021-12-16 16:00:00,54
2021-12-16 17:00:00,56
2021-12-16 18:00:00,57
2021-12-16 19:00:00,56
2021-12-16 20:00:00,58
2021-12-16 21:00:00,63
2021-12-16 22:00:00,59
2021-12-16 23:00:00,66
2021-12-17 00:00:00,67
2021-12-17 01:00:00,65
2021-12-17 02:00:00,65
2021-12-17 03:00:00,71
2021-12-17 04:00:00,66
2021-12-17 05:00:00,70
2021-12-17 06:00:00,67
2021-12-17 07:00:00,73
2021-12-17 08:00:00,71
2021-12-17 09:00:00,74
2021-12-17 10:00:00,72
2021-12-17 11:00:00,75
2021-12-17 12:00:00,71
2021-12-17 13:00:00,70
2021-12-17 14:00:00,69
2021-12-17 15:00:00,63
2021-12-17 16:00:00,66
2021-12-17 17:00:00,72
2021-12-17 18:00:00,71
2021-12-17 19:00:00,69
2021-12-17 20:00:00,68
2021-12-17 21:00:00,66
2021-12-17 22:00:00,72
2021-12-17 23:00:00,69
2021-12-18 00:00:00,69
2021-12-18 01:00:00,76
2021-12-18 02:00:00,67
2021-12-18 03:00:00,70
2021-12-18 04:00:00,66
2021-12-18 05:00:00,66
2021-12-18 06:00:00,64
2021-12-18 07:00:00,65
2021-12-18 08:00:00,61
2021-12-18 09:00:00,60
2021-12-18 10:00:00,60
2021-12-18 11:00:00,55
2021-12-18 12:00:00,55
2021-12-18 13:00:00,58
2021-12-18 14:00:00,51
2021-12-18 15:00:00,56
2021-12-18 16:00:00,53
2021-12-18 17:00:00,56
2021-12-18 18:00:00,52
2021-12-18 19:00:00,56
2021-12-18 20:00:00,50
2021-12-18 21:00:00,53
2021-12-18 22:00:00,58
2021-12-18 23:00:00,57
2021-12-19 00:00:00,63
2021-12-19 01:00:00,62
2021-12-19 02:00:00,62
2021-12-19 03:00:00,66
2021-12-19 04:00:00,64
2021-12-19 05:00:00,65
2021-12-19 06:00:00,69
2021-12-19 07:00:00,66
2021-12-19 08:00:00,72
2021-12-19 09:00:00,70
2021-12-19 10:00:00,71
2021-12-19 11:00:00,70
2021-12-19 12:00:00,74
2021-12-19 13:00:00,70
2021-12-19 14:00:00,70
2021-12-19 15:00:00,71
2021-12-19 16:00:00,70
2021-12-19 17:00:00,70
2021-12-19 18:00:00,75
2021-12-19 19:00:00,72
2021-12-19 20:00:00,86
2021-12-19 21:00:00,86
2021-12-19 22:00:00,91
2021-12-19 23:00:00,95
2021-12-20 00:00:00,92
2021-12-20 01:00:00,92
2021-12-20 02:00:00,92
2021-12-20 03:00:00,95
2021-12-20 04:00:00,99
2021-12-20 05:00:00,110
2021-12-20 06:00:00,100
2021-12-20 07:00:00,110
2021-12-20 08:00:00,112
2021-12-20 09:00:00,114
2021-12-20 10:00:00,123
2021-12-20 11:00:00,123
2021-12-20 12:00:00,126
2021-12-20 13:00:00,123
2021-12-20 14:00:00,122
2021-12-20 15:00:00,117
2021-12-20 16:00:00,119
2021-12-20 17:00:00,120
2021-12-20 18:00:00,119
2021-12-20 19:00:00,113
2021-12-20 20:00:00,108
2021-12-20 21:00:00,101
2021-12-20 22:00:00,106
2021-12-20 23:00:00,104
2021-12-21 00:00:00,108
2021-12-21 01:00:00,104
2021-12-21 02:00:00,104
2021-12-21 03:00:00,111
2021-12-21 04:00:00,108
2021-12-21 05:00:00,113
2021-12-21 06:00:00,115
2021-12-21 07:00:00,116
2021-12-21 08:00:00,126
2021-12-21 09:00:00,126
2021-12-21 10:00:00,130
2021-12-21 11:00:00,136
2021-12-21 12:00:00,128
2021-12-21 13:00:00,133
2021-12-21 14:00:00,129
2021-12-21 15:00:00,124
2021-12-21 16:00:00,126
2021-12-21 17:00:00,124
2021-12-21 18:00:00,136
2021-12-21 19:00:00,119
2021-12-21 20:00:00,124
2021-12-21 21:00:00,121
2021-12-21 22:00:00,121
2021-12-21 23:00:00,122
2021-12-22 00:00:00,125
2021-12-22 01:00:00,125
2021-12-22 02:00:00,119
2021-12-22 03:00:00,130
2021-12-22 04:00:00,122
2021-12-22 05:00:00,120
2021-12-22 06:00:00,120
2021-12-22 07:00:00,113
2021-12-22 08:00:00,124
2021-12-22 09:00:00,115
2021-12-22 10:00:00,114
2021-12-22 11:00:00,114
2021-12-22 12:00:00,114
2021-12-22 13:00:00,109
2021-12-22 14:00:00,106
2021-12-22 15:00:00,107
2021-12-22 16:00:00,110
2021-12-22 17:00:00,106
2021-12-22 18:00:00,108
2021-12-22 19:00:00,105
2021-12-22 20:00:00,103
2021-12-22 21:00:00,113
2021-12-22 22:00:00,105
2021-12-22 23:00:00,107
2021-12-23 00:00:00,101
2021-12-23 01:00:00,101
2021-12-23 02:00:00,101
2021-12-23 03:00:00,95
2021-12-23 04:00:00,91
2021-12-23 05:00:00,91
2021-12-23 06:00:00,83
2021-12-23 07:00:00,86
2021-12-23 08:00:00,81
2021-12-23 09:00:00,84
2021-12-23 10:00:00,81
2021-12-23 11:00:00,80
2021-12-23 12:00:00,81
2021-12-23 13:00:00,75
2021-12-23 14:00:00,79
2021-12-23 15:00:00,73
2021-12-23 16:00:00,78
2021-12-23 17:00:00,77
2021-12-23 18:00:00,76
2021-12-23 19:00:00,79
2021-12-23 20:00:00,75
2021-12-23 21:00:00,77
2021-12-23 22:00:00,77
2021-12-23 23:00:00,76
2021-12-24 00:00:00,91
2021-12-24 01:00:00,93
2021-12-24 02:00:00,100
2021-12-24 03:00:00,105
2021-12-24 04:00:00,99
2021-12-24 05:00:00,106
2021-12-24 06:00:00,101
2021-12-24 07:00:00,104
2021-12-24 08:00:00,117
2021-12-24 09:00:00,127
2021-12-24 10:00:00,119
2021-12-24 11:00:00,121
2021-12-24 12:00:00,114
2021-12-24 13:00:00,112
2021-12-24 14:00:00,116
2021-12-24 15:00:00,108
2021-12-24 16:00:00,120
2021-12-24 17:00:00,116
2021-12-24 18:00:00,124
2021-12-24 19:00:00,117
2021-12-24 20:00:00,122
2021-12-24 21:00:00,124
2021-12-24 22:00:00,123
2021-12-24 23:00:00,124
2021-12-25 00:00:00,128
2021-12-25 01:00:00,125
2021-12-25 02:00:00,128
2021-12-25 03:00:00,124
2021-12-25 04:00:00,126
2021-12-25 05:00:00,123
2021-12-25 06:00:00,120
2021-12-25 07:00:00,124
2021-12-25 08:00:00,120
2021-12-25 09:00:00,127
2021-12-25 10:00:00,116
2021-12-25 11:00:00,119
2021-12-25 12:00:00,109
2021-12-25 13:00:00,110
2021-12-25 14:00:00,105
2021-12-25 15:00:00,105
2021-12-25 16:00:00,97
2021-12-25 17:00:00,102
2021-12-25 18:00:00,99
2021-12-25 19:00:00,96
2021-12-25 20:00:00,103
2021-12-25 21:00:00,98
2021-12-25 22:00:00,104
2021-12-25 23:00:00,106
2021-12-26 00:00:00,114
2021-12-26 01:00:00,114
2021-12-26 02:00:00,120
2021-12-26 03:00:00,128
2021-12-26 04:00:00,127
2021-12-26 05:00:00,133
2021-12-26 06:00:00,133
2021-12-26 07:00:00,138
2021-12-26 08:00:00,134
2021-12-26 09:00:00,129
2021-12-26 10:00:00,136
2021-12-26 11:00:00,133
2021-12-26 12:00:00,129
2021-12-26 13:00:00,127
2021-12-26 14:00:00,112
2021-12-26 15:00:00,120
2021-12-26 16:00:00,112
2021-12-26 17:00:00,115
2021-12-26 18:00:00,116
2021-12-26 19:00:00,110
2021-12-26 20:00:00,113
2021-12-26 21:00:00,120
2021-12-26 22:00:00,115
2021-12-26 23:00:00,120
2021-12-27 00:00:00,116
2021-12-27 01:00:00,120
2021-12-27 02:00:00,111
2021-12-27 03:00:00,111
2021-12-27 04:00:00,108
2021-12-27 05:00:00,109
2021-12-27 06:00:00,109
2021-12-27 07:00:00,104
2021-12-27 08:00:00,111
2021-12-27 09:00:00,113
2021-12-27 10:00:00,118
2021-12-27 11:00:00,117
2021-12-27 12:00:00,113
2021-12-27 13:00:00,111
2021-12-27 14:00:00,109
2021-12-27 15:00:00,113
2021-12-27 16:00:00,107
2021-12-27 17:00:00,114
2021-12-27 18:00:00,113
2021-12-27 19:00:00,111
2021-12-27 20:00:00,109
2021-12-27 21:00:00,110
2021-12-27 22:00:00,112
2021-12-27 23:00:00,117
2021-12-28 00:00:00,123
2021-12-28 01:00:00,122
2021-12-28 02:00:00,134
2021-12-28 03:00:00,127
2021-12-28 04:00:00,128
2021-12-28 05:00:00,123
2021-12-28 06:00:00,123
2021-12-28 07:00:00,120
2021-12-28 08:00:00,122
2021-12-28 09:00:00,118
2021-12-28 10:00:00,114
2021-12-28 11:00:00,112
2021-12-28 12:00:00,105
2021-12-28 13:00:00,102
2021-12-28 14:00:00,95
2021-12-28 15:00:00,96
2021-12-28 16:00:00,87
2021-12-28 17:00:00,92
2021-12-28 18:00:00,90
2021-12-28 19:00:00,85
2021-12-28 20:00:00,91
2021-12-28 21:00:00,89
2021-12-28 22:00:00,91
2021-12-28 23:00:00,92
2021-12-29 00:00:00,91
2021-12-29 01:00:00,93
2021-12-29 02:00:00,90
2021-12-29 03:00:00,95
2021-12-29 04:00:00,90
2021-12-29 05:00:00,90
2021-12-29 06:00:00,92
2021-12-29 07:00:00,89
2021-12-29 08:00:00,96
2021-12-29 09:00:00,96
2021-12-29 10:00:00,101
2021-12-29 11:00:00,98
2021-12-29 12:00:00,96
2021-12-29 13:00:00,97
2021-12-29 14:00:00,91
2021-12-29 15:00:00,92
2021-12-29 16:00:00,85
2021-12-29 17:00:00,89
2021-12-29 18:00:00,91
2021-12-29 19:00:00,90
2021-12-29 20:00:00,85
2021-12-29 21:00:00,84
2021-12-29 22:00:00,88
2021-12-29 23:00:00,84
2021-12-30 00:00:00,89
2021-12-30 01:00:00,83
2021-12-30 02:00:00,87
2021-12-30 03:00:00,85
2021-12-30 04:00:00,85
2021-12-30 05:00:00,87
2021-12-30 06:00:00,85
2021-12-30 07:00:00,88
2021-12-30 08:00:00,87
2021-12-30 09:00:00,94
2021-12-30 10:00:00,89
2021-12-30 11:00:00,89
2021-12-30 12:00:00,92
2021-12-30 13:00:00,88
2021-12-30 14:00:00,93
2021-12-30 15:00:00,85
2021-12-30 16:00:00,90
2021-12-30 17:00:00,86
2021-12-30 18:00:00,85
2021-12-30 19:00:00,82
2021-12-30 20:00:00,84
2021-12-30 21:00:00,81
2021-12-30 22:00:00,81
2021-12-30 23:00:00,78
2021-12-31 00:00:00,80
2021-12-31 01:00:00,72
2021-12-31 02:00:00,78
2021-12-31 03:00:00,69
2021-12-31 04:00:00,69
2021-12-31 05:00:00,69
2021-12-31 06:00:00,64
2021-12-31 07:00:00,71
2021-12-31 08:00:00,73
2021-12-31 09:00:00,71
2021-12-31 10:00:00,77
2021-12-31 11:00:00,73
2021-12-31 12:00:00,80
2021-12-31 13:00:00,74
2021-12-31 14:00:00,71
2021-12-31 15:00:00,74
2021-12-31 16:00:00,68
2021-12-31 17:00:00,77
2021-12-31 18:00:00,75
2021-12-31 19:00:00,72
2021-12-31 20:00:00,75
2021-12-31 21:00:00,70
2021-12-31 22:00:00,74
2021-12-31 23:00:00,72
2022-01-01 00:00:00,72
2022-01-01 01:00:00,74
2022-01-01 02:00:00,72
2022-01-01 03:00:00,77
2022-01-01 04:00:00,84
2022-01-01 05:00:00,88
2022-01-01 06:00:00,92
2022-01-01 07:00:00,86
2022-01-01 08:00:00,88
2022-01-01 09:00:00,90
2022-01-01 10:00:00,94
2022-01-01 11:00:00,99
2022-01-01 12:00:00,95
2022-01-01 13:00:00,98
2022-01-01 14:00:00,97
2022-01-01 15:00:00,92
2022-01-01 16:00:00,87
2022-01-01 17:00:00,97
2022-01-01 18:00:00,89
2022-01-01 19:00:00,97
2022-01-01 20:00:00,96
2022-01-01 21:00:00,99
2022-01-01 22:00:00,108
2022-01-01 23:00:00,99
2022-01-02 00:00:00,102
2022-01-02 01:00:00,104
2022-01-02 02:00:00,105
2022-01-02 03:00:00,113
2022-01-02 04:00:00,113
2022-01-02 05:00:00,113
2022-01-02 06:00:00,110
2022-01-02 07:00:00,111
2022-01-02 08:00:00,114
2022-01-02 09:00:00,113
2022-01-02 10:00:00,110
2022-01-02 11:00:00,106
2022-01-02 12:00:00,107
2022-01-02 13:00:00,95
2022-01-02 14:00:00,98
2022-01-02 15:00:00,86
2022-01-02 16:00:00,89
2022-01-02 17:00:00,87
2022-01-02 18:00:00,87
2022-01-02 19:00:00,91
2022-01-02 20:00:00,85
2022-01-02 21:00:00,86
2022-01-02 22:00:00,91
2022-01-02 23:00:00,84
2022-01-03 00:00:00,91
2022-01-03 01:00:00,87
2022-01-03 02:00:00,89
2022-01-03 03:00:00,90
2022-01-03 04:00:00,88
2022-01-03 05:00:00,90
2022-01-03 06:00:00,88
2022-01-03 07:00:00,87
2022-01-03 08:00:00,91
2022-01-03 09:00:00,90
2022-01-03 10:00:00,94
2022-01-03 11:00:00,85
2022-01-03 12:00:00,85
2022-01-03 13:00:00,90
2022-01-03 14:00:00,88
2022-01-03 15:00:00,90
2022-01-03 16:00:00,85
2022-01-03 17:00:00,89
2022-01-03 18:00:00,88
2022-01-03 19:00:00,90
2022-01-03 20:00:00,89
2022-01-03 21:00:00,90
2022-01-03 22:00:00,92
2022-01-03 23:00:00,92
2022-01-04 00:00:00,92
2022-01-04 01:00:00,87
2022-01-04 02:00:00,94
2022-01-04 03:00:00,88
2022-01-04 04:00:00,88
2022-01-04 05:00:00,92
2022-01-04 06:00:00,86
2022-01-04 07:00:00,91
2022-01-04 08:00:00,88
2022-01-04 09:00:00,91
2022-01-04 10:00:00,95
2022-01-04 11:00:00,89
2022-01-04 12:00:00,89
2022-01-04 13:00:00,81
2022-01-04 14:00:00,80
2022-01-04 15:00:00,79
2022-01-04 16:00:00,74
2022-01-04 17:00:00,74
2022-01-04 18:00:00,76
2022-01-04 19:00:00,73
2022-01-04 20:00:00,76
2022-01-04 21:00:00,73
2022-01-04 22:00:00,69
2022-01-04 23:00:00,73
2022-01-05 00:00:00,73
2022-01-05 01:00:00,70
2022-01-05 02:00:00,75
2022-01-05 03:00:00,68
2022-01-05 04:00:00,73
2022-01-05 05:00:00,69
2022-01-05 06:00:00,71
2022-01-05 07:00:00,74
2022-01-05 08:00:00,75
2022-01-05 09:00:00,75
2022-01-05 10:00:00,78
2022-01-05 11:00:00,72
2022-01-05 12:00:00,76
2022-01-05 13:00:00,75
2022-01-05 14:00:00,72
2022-01-05 15:00:00,69
2022-01-05 16:00:00,73
2022-01-05 17:00:00,74
2022-01-05 18:00:00,80
2022-01-05 19:00:00,76
2022-01-05 20:00:00,74
2022-01-05 21:00:00,78
2022-01-05 22:00:00,74
2022-01-05 23:00:00,78
2022-01-06 00:00:00,75
2022-01-06 01:00:00,73
2022-01-06 02:00:00,75
2022-01-06 03:00:00,75
2022-01-06 04:00:00,75
2022-01-06 05:00:00,90
2022-01-06 06:00:00,96
2022-01-06 07:00:00,99
2022-01-06 08:00:00,106
2022-01-06 09:00:00,103
2022-01-06 10:00:00,113
2022-01-06 11:00:00,105
2022-01-06 12:00:00,110
2022-01-06 13:00:00,105
2022-01-06 14:00:00,102
2022-01-06 15:00:00,103
2022-01-06 16:00:00,97
2022-01-06 17:00:00,111
2022-01-06 18:00:00,107
2022-01-06 19:00:00,111
2022-01-06 20:00:00,110
2022-01-06 21:00:00,107
2022-01-06 22:00:00,103
2022-01-06 23:00:00,98
2022-01-07 00:00:00,98
2022-01-07 01:00:00,97
2022-01-07 02:00:00,99
2022-01-07 03:00:00,99
2022-01-07 04:00:00,107
2022-01-07 05:00:00,101
2022-01-07 06:00:00,101
2022-01-07 07:00:00,105
2022-01-07 08:00:00,106
2022-01-07 09:00:00,107
2022-01-07 10:00:00,110
2022-01-07 11:00:00,107
2022-01-07 12:00:00,104
2022-01-07 13:00:00,107
2022-01-07 14:00:00,100
2022-01-07 15:00:00,100
2022-01-07 16:00:00,99
2022-01-07 17:00:00,100
2022-01-07 18:00:00,100
2022-01-07 19:00:00,95
2022-01-07 20:00:00,95
2022-01-07 21:00:00,96
2022-01-07 22:00:00,95
2022-01-07 23:00:00,95
2022-01-08 00:00:00,98
2022-01-08 01:00:00,100
2022-01-08 02:00:00,98
2022-01-08 03:00:00,105
2022-01-08 04:00:00,112
2022-01-08 05:00:00,107
2022-01-08 06:00:00,112
2022-01-08 07:00:00,108
2022-01-08 08:00:00,105
2022-01-08 09:00:00,114
2022-01-08 10:00:00,113
2022-01-08 11:00:00,118
2022-01-08 12:00:00,115
2022-01-08 13:00:00,119
2022-01-08 14:00:00,115
2022-01-08 15:00:00,110
2022-01-08 16:00:00,116
2022-01-08 17:00:00,105
2022-01-08 18:00:00,109
2022-01-08 19:00:00,102
2022-01-08 20:00:00,103
2022-01-08 21:00:00,101
2022-01-08 22:00:00,99
2022-01-08 23:00:00,100
2022-01-09 00:00:00,98
2022-01-09 01:00:00,98
2022-01-09 02:00:00,97
2022-01-09 03:00:00,101
2022-01-09 04:00:00,97
2022-01-09 05:00:00,99
2022-01-09 06:00:00,97
2022-01-09 07:00:00,101
2022-01-09 08:00:00,96
2022-01-09 09:00:00,102
2022-01-09 10:00:00,96
2022-01-09 11:00:00,95
2022-01-09 12:00:00,96
2022-01-09 13:00:00,96
2022-01-09 14:00:00,97
2022-01-09 15:00:00,93
2022-01-09 16:00:00,98
2022-01-09 17:00:00,97
2022-01-09 18:00:00,99
2022-01-09 19:00:00,97
2022-01-09 20:00:00,97
2022-01-09 21:00:00,94
2022-01-09 22:00:00,101
2022-01-09 23:00:00,95
2022-01-10 00:00:00,105
2022-01-10 01:00:00,97
2022-01-10 02:00:00,106
2022-01-10 03:00:00,99
2022-01-10 04:00:00,103
2022-01-10 05:00:00,101
2022-01-10 06:00:00,98
2022-01-10 07:00:00,113
2022-01-10 08:00:00,117
2022-01-10 09:00:00,122
2022-01-10 10:00:00,130
2022-01-10 11:00:00,132
2022-01-10 12:00:00,124
2022-01-10 13:00:00,126
2022-01-10 14:00:00,121
2022-01-10 15:00:00,122
2022-01-10 16:00:00,121
2022-01-10 17:00:00,127
2022-01-10 18:00:00,129
2022-01-10 19:00:00,132
2022-01-10 20:00:00,134
2022-01-10 21:00:00,139
2022-01-10 22:00:00,147
2022-01-10 23:00:00,148
2022-01-11 00:00:00,146
2022-01-11 01:00:00,148
2022-01-11 02:00:00,154
2022-01-11 03:00:00,147
2022-01-11 04:00:00,153
2022-01-11 05:00:00,163
2022-01-11 06:00:00,159
2022-01-11 07:00:00,163
2022-01-11 08:00:00,173
2022-01-11 09:00:00,176
2022-01-11 10:00:00,176
2022-01-11 11:00:00,164
2022-01-11 12:00:00,157
2022-01-11 13:00:00,150
2022-01-11 14:00:00,141
2022-01-11 15:00:00,132
2022-01-11 16:00:00,124
2022-01-11 17:00:00,108
2022-01-11 18:00:00,107
2022-01-11 19:00:00,102
2022-01-11 20:00:00,100
2022-01-11 21:00:00,96
2022-01-11 22:00:00,101
2022-01-11 23:00:00,96
2022-01-12 00:00:00,96
2022-01-12 01:00:00,87
2022-01-12 02:00:00,93
2022-01-12 03:00:00,81
2022-01-12 04:00:00,88
2022-01-12 05:00:00,80
2022-01-12 06:00:00,85
2022-01-12 07:00:00,82
2022-01-12 08:00:00,80
2022-01-12 09:00:00,81
2022-01-12 10:00:00,77
2022-01-12 11:00:00,73
2022-01-12 12:00:00,74
2022-01-12 13:00:00,70
2022-01-12 14:00:00,72
2022-01-12 15:00:00,69
2022-01-12 16:00:00,72
2022-01-12 17:00:00,70
2022-01-12 18:00:00,70
2022-01-12 19:00:00,67
2022-01-12 20:00:00,70
2022-01-12 21:00:00,73
2022-01-12 22:00:00,70
2022-01-12 23:00:00,70
2022-01-13 00:00:00,70
2022-01-13 01:00:00,68
2022-01-13 02:00:00,63
2022-01-13 03:00:00,65
2022-01-13 04:00:00,62
2022-01-13 05:00:00,59
2022-01-13 06:00:00,61
2022-01-13 07:00:00,57
2022-01-13 08:00:00,56
2022-01-13 09:00:00,58
2022-01-13 10:00:00,54
2022-01-13 11:00:00,54
2022-01-13 12:00:00,51
2022-01-13 13:00:00,48
2022-01-13 14:00:00,48
2022-01-13 15:00:00,42
2022-01-13 16:00:00,46
2022-01-13 17:00:00,51
2022-01-13 18:00:00,55
2022-01-13 19:00:00,52
2022-01-13 20:00:00,51
2022-01-13 21:00:00,53
2022-01-13 22:00:00,50
2022-01-13 23:00:00,52
2022-01-14 00:00:00,52
2022-01-14 01:00:00,52
2022-01-14 02:00:00,55
2022-01-14 03:00:00,53
2022-01-14 04:00:00,56
2022-01-14 05:00:00,60
2022-01-14 06:00:00,60
2022-01-14 07:00:00,63
2022-01-14 08:00:00,65
2022-01-14 09:00:00,72
2022-01-14 10:00:00,68
2022-01-14 11:00:00,69
2022-01-14 12:00:00,71
2022-01-14 13:00:00,65
2022-01-14 14:00:00,63
2022-01-14 15:00:00,65
2022-01-14 16:00:00,64
2022-01-14 17:00:00,69
2022-01-14 18:00:00,66
2022-01-14 19:00:00,70
2022-01-14 20:00:00,72
2022-01-14 21:00:00,71
2022-01-14 22:00:00,68
2022-01-14 23:00:00,70
2022-01-15 00:00:00,65
2022-01-15 01:00:00,63
2022-01-15 02:00:00,64
2022-01-15 03:00:00,65
2022-01-15 04:00:00,65
2022-01-15 05:00:00,66
2022-01-15 06:00:00,67
2022-01-15 07:00:00,69
2022-01-15 08:00:00,69
2022-01-15 09:00:00,71
2022-01-15 10:00:00,75
2022-01-15 11:00:00,71
2022-01-15 12:00:00,74
2022-01-15 13:00:00,68
2022-01-15 14:00:00,67
2022-01-15 15:00:00,65
2022-01-15 16:00:00,71
2022-01-15 17:00:00,72
2022-01-15 18:00:00,74
2022-01-15 19:00:00,78
2022-01-15 20:00:00,75
2022-01-15 21:00:00,78
2022-01-15 22:00:00,78
2022-01-15 23:00:00,81
2022-01-16 00:00:00,85
2022-01-16 01:00:00,80
2022-01-16 02:00:00,79
2022-01-16 03:00:00,79
2022-01-16 04:00:00,76
2022-01-16 05:00:00,79
2022-01-16 06:00:00,79
2022-01-16 07:00:00,78
2022-01-16 08:00:00,81
2022-01-16 09:00:00,78
2022-01-16 10:00:00,80
2022-01-16 11:00:00,82
2022-01-16 12:00:00,73
2022-01-16 13:00:00,70
2022-01-16 14:00:00,70
2022-01-16 15:00:00,63
2022-01-16 16:00:00,66
2022-01-16 17:00:00,61
2022-01-16 18:00:00,61
2022-01-16 19:00:00,62
2022-01-16 20:00:00,60
2022-01-16 21:00:00,63
2022-01-16 22:00:00,63
2022-01-16 23:00:00,65
2022-01-17 00:00:00,68
2022-01-17 01:00:00,70
2022-01-17 02:00:00,70
2022-01-17 03:00:00,73
2022-01-17 04:00:00,74
2022-01-17 05:00:00,76
2022-01-17 06:00:00,74
2022-01-17 07:00:00,71
2022-01-17 08:00:00,73
2022-01-17 09:00:00,77
2022-01-17 10:00:00,82
2022-01-17 11:00:00,81
2022-01-17 12:00:00,85
2022-01-17 13:00:00,84
2022-01-17 14:00:00,80
2022-01-17 15:00:00,81
2022-01-17 16:00:00,80
2022-01-17 17:00:00,79
2022-01-17 18:00:00,86
2022-01-17 19:00:00,86
2022-01-17 20:00:00,83
2022-01-17 21:00:00,85
2022-01-17 22:00:00,84
2022-01-17 23:00:00,83
2022-01-18 00:00:00,84
2022-01-18 01:00:00,86
2022-01-18 02:00:00,86
2022-01-18 03:00:00,85
2022-01-18 04:00:00,88
2022-01-18 05:00:00,87
2022-01-18 06:00:00,88
2022-01-18 07:00:00,91
2022-01-18 08:00:00,92
2022-01-18 09:00:00,96
2022-01-18 10:00:00,98
2022-01-18 11:00:00,94
2022-01-18 12:00:00,97
2022-01-18 13:00:00,92
2022-01-18 14:00:00,86
2022-01-18 15:00:00,86
2022-01-18 16:00:00,84
2022-01-18 17:00:00,81
2022-01-18 18:00:00,83
2022-01-18 19:00:00,76
2022-01-18 20:00:00,71
2022-01-18 21:00:00,74
2022-01-18 22:00:00,68
2022-01-18 23:00:00,72
2022-01-19 00:00:00,68
2022-01-19 01:00:00,69
2022-01-19 02:00:00,69
2022-01-19 03:00:00,76
2022-01-19 04:00:00,70
2022-01-19 05:00:00,72
2022-01-19 06:00:00,74
2022-01-19 07:00:00,70
2022-01-19 08:00:00,74
2022-01-19 09:00:00,74
2022-01-19 10:00:00,74
2022-01-19 11:00:00,75
2022-01-19 12:00:00,76
2022-01-19 13:00:00,68
2022-01-19 14:00:00,59
2022-01-19 15:00:00,57
2022-01-19 16:00:00,57
2022-01-19 17:00:00,57
2022-01-19 18:00:00,55
2022-01-19 19:00:00,56
2022-01-19 20:00:00,55
2022-01-19 21:00:00,55
2022-01-19 22:00:00,55
2022-01-19 23:00:00,55
2022-01-20 00:00:00,57
2022-01-20 01:00:00,58
2022-01-20 02:00:00,62
2022-01-20 03:00:00,62
2022-01-20 04:00:00,65
2022-01-20 05:00:00,64
2022-01-20 06:00:00,66
2022-01-20 07:00:00,67
2022-01-20 08:00:00,67
2022-01-20 09:00:00,69
2022-01-20 10:00:00,69
2022-01-20 11:00:00,67
2022-01-20 12:00:00,67
2022-01-20 13:00:00,62
2022-01-20 14:00:00,65
2022-01-20 15:00:00,69
2022-01-20 16:00:00,70
2022-01-20 17:00:00,78
2022-01-20 18:00:00,79
2022-01-20 19:00:00,81
2022-01-20 20:00:00,83
2022-01-20 21:00:00,80
2022-01-20 22:00:00,82
2022-01-20 23:00:00,83
2022-01-21 00:00:00,79
2022-01-21 01:00:00,83
2022-01-21 02:00:00,83
2022-01-21 03:00:00,82
2022-01-21 04:00:00,83
2022-01-21 05:00:00,79
2022-01-21 06:00:00,79
2022-01-21 07:00:00,77
2022-01-21 08:00:00,81
2022-01-21 09:00:00,84
2022-01-21 10:00:00,84
2022-01-21 11:00:00,81
2022-01-21 12:00:00,82
2022-01-21 13:00:00,82
2022-01-21 14:00:00,83
2022-01-21 15:00:00,78
2022-01-21 16:00:00,78
2022-01-21 17:00:00,82
2022-01-21 18:00:00,83
2022-01-21 19:00:00,84
2022-01-21 20:00:00,80
2022-01-21 21:00:00,86
2022-01-21 22:00:00,85
2022-01-21 23:00:00,85
2022-01-22 00:00:00,90
2022-01-22 01:00:00,86
2022-01-22 02:00:00,86
2022-01-22 03:00:00,87
2022-01-22 04:00:00,89
2022-01-22 05:00:00,89
2022-01-22 06:00:00,90
2022-01-22 07:00:00,88
2022-01-22 08:00:00,94
2022-01-22 09:00:00,93
2022-01-22 10:00:00,95
2022-01-22 11:00:00,98
2022-01-22 12:00:00,96
2022-01-22 13:00:00,98
2022-01-22 14:00:00,89
2022-01-22 15:00:00,96
2022-01-22 16:00:00,93
2022-01-22 17:00:00,93
2022-01-22 18:00:00,99
2022-01-22 19:00:00,95
2022-01-22 20:00:00,103
2022-01-22 21:00:00,103
2022-01-22 22:00:00,99
2022-01-22 23:00:00,101
2022-01-23 00:00:00,105
2022-01-23 01:00:00,99
2022-01-23 02:00:00,106
2022-01-23 03:00:00,105
2022-01-23 04:00:00,104
2022-01-23 05:00:00,99
2022-01-23 06:00:00,94
2022-01-23 07:00:00,89
2022-01-23 08:00:00,91
2022-01-23 09:00:00,91
2022-01-23 10:00:00,85
2022-01-23 11:00:00,85
2022-01-23 12:00:00,77
2022-01-23 13:00:00,75
2022-01-23 14:00:00,70
2022-01-23 15:00:00,65
2022-01-23 16:00:00,69
2022-01-23 17:00:00,66
2022-01-23 18:00:00,66
2022-01-23 19:00:00,66
2022-01-23 20:00:00,64
2022-01-23 21:00:00,68
2022-01-23 22:00:00,68
2022-01-23 23:00:00,67
2022-01-24 00:00:00,70
2022-01-24 01:00:00,70
2022-01-24 02:00:00,67
2022-01-24 03:00:00,69
2022-01-24 04:00:00,65
2022-01-24 05:00:00,71
2022-01-24 06:00:00,64
2022-01-24 07:00:00,65
2022-01-24 08:00:00,70
2022-01-24 09:00:00,65
2022-01-24 10:00:00,66
2022-01-24 11:00:00,65
2022-01-24 12:00:00,65
2022-01-24 13:00:00,65
2022-01-24 14:00:00,63
2022-01-24 15:00:00,65
2022-01-24 16:00:00,62
2022-01-24 17:00:00,59
2022-01-24 18:00:00,60
2022-01-24 19:00:00,59
2022-01-24 20:00:00,57
2022-01-24 21:00:00,57
2022-01-24 22:00:00,57
2022-01-24 23:00:00,59
2022-01-25 00:00:00,64
2022-01-25 01:00:00,66
2022-01-25 02:00:00,69
2022-01-25 03:00:00,66
2022-01-25 04:00:00,68
2022-01-25 05:00:00,68
2022-01-25 06:00:00,69
2022-01-25 07:00:00,72
2022-01-25 08:00:00,75
2022-01-25 09:00:00,79
2022-01-25 10:00:00,75
2022-01-25 11:00:00,75
2022-01-25 12:00:00,71
2022-01-25 13:00:00,69
2022-01-25 14:00:00,67
2022-01-25 15:00:00,69
2022-01-25 16:00:00,66
2022-01-25 17:00:00,73
2022-01-25 18:00:00,77
2022-01-25 19:00:00,77
2022-01-25 20:00:00,83
2022-01-25 21:00:00,83
2022-01-25 22:00:00,85
2022-01-25 23:00:00,88
2022-01-26 00:00:00,90
2022-01-26 01:00:00,92
2022-01-26 02:00:00,96
2022-01-26 03:00:00,99
2022-01-26 04:00:00,103
2022-01-26 05:00:00,108
2022-01-26 06:00:00,104
2022-01-26 07:00:00,108
2022-01-26 08:00:00,97
2022-01-26 09:00:00,88
2022-01-26 10:00:00,86
2022-01-26 11:00:00,83
2022-01-26 12:00:00,82
2022-01-26 13:00:00,77
2022-01-26 14:00:00,71
2022-01-26 15:00:00,75
2022-01-26 16:00:00,73
2022-01-26 17:00:00,78
2022-01-26 18:00:00,73
2022-01-26 19:00:00,72
2022-01-26 20:00:00,69
2022-01-26 21:00:00,66
2022-01-26 22:00:00,66
2022-01-26 23:00:00,65
2022-01-27 00:00:00,63
2022-01-27 01:00:00,64
2022-01-27 02:00:00,64
2022-01-27 03:00:00,63
2022-01-27 04:00:00,62
2022-01-27 05:00:00,64
2022-01-27 06:00:00,69
2022-01-27 07:00:00,64
2022-01-27 08:00:00,68
2022-01-27 09:00:00,67
2022-01-27 10:00:00,68
2022-01-27 11:00:00,72
2022-01-27 12:00:00,67
2022-01-27 13:00:00,64
2022-01-27 14:00:00,65
2022-01-27 15:00:00,66
2022-01-27 16:00:00,66
2022-01-27 17:00:00,69
2022-01-27 18:00:00,70
2022-01-27 19:00:00,69
2022-01-27 20:00:00,67
2022-01-27 21:00:00,68
2022-01-27 22:00:00,66
2022-01-27 23:00:00,66
2022-01-28 00:00:00,67
2022-01-28 01:00:00,67
2022-01-28 02:00:00,71
2022-01-28 03:00:00,67
2022-01-28 04:00:00,68
2022-01-28 05:00:00,70
2022-01-28 06:00:00,69
2022-01-28 07:00:00,74
2022-01-28 08:00:00,73
2022-01-28 09:00:00,71
2022-01-28 10:00:00,74
2022-01-28 11:00:00,71
2022-01-28 12:00:00,72
2022-01-28 13:00:00,72
2022-01-28 14:00:00,76
2022-01-28 15:00:00,73
2022-01-28 16:00:00,72
2022-01-28 17:00:00,76
2022-01-28 18:00:00,76
2022-01-28 19:00:00,76
2022-01-28 20:00:00,72
2022-01-28 21:00:00,76
2022-01-28 22:00:00,74
2022-01-28 23:00:00,75
2022-01-29 00:00:00,78
2022-01-29 01:00:00,82
2022-01-29 02:00:00,90
2022-01-29 03:00:00,94
2022-01-29 04:00:00,102
2022-01-29 05:00:00,103
2022-01-29 06:00:00,107
2022-01-29 07:00:00,99
2022-01-29 08:00:00,96
2022-01-29 09:00:00,92
2022-01-29 10:00:00,87
2022-01-29 11:00:00,86
2022-01-29 12:00:00,77
2022-01-29 13:00:00,72
2022-01-29 14:00:00,72
2022-01-29 15:00:00,72
2022-01-29 16:00:00,71
2022-01-29 17:00:00,68
2022-01-29 18:00:00,72
2022-01-29 19:00:00,72
2022-01-29 20:00:00,71
2022-01-29 21:00:00,73
2022-01-29 22:00:00,74
2022-01-29 23:00:00,73
2022-01-30 00:00:00,75
2022-01-30 01:00:00,73
2022-01-30 02:00:00,76
2022-01-30 03:00:00,73
2022-01-30 04:00:00,76
2022-01-30 05:00:00,76
2022-01-30 06:00:00,74
2022-01-30 07:00:00,78
2022-01-30 08:00:00,77
2022-01-30 09:00:00,77
2022-01-30 10:00:00,80
2022-01-30 11:00:00,81
2022-01-30 12:00:00,82
2022-01-30 13:00:00,77
2022-01-30 14:00:00,79
2022-01-30 15:00:00,79
2022-01-30 16:00:00,77
2022-01-30 17:00:00,81
2022-01-30 18:00:00,82
2022-01-30 19:00:00,84
2022-01-30 20:00:00,84
2022-01-30 21:00:00,86
2022-01-30 22:00:00,89
2022-01-30 23:00:00,86
2022-01-31 00:00:00,92
2022-01-31 01:00:00,86
2022-01-31 02:00:00,88
2022-01-31 03:00:00,89
2022-01-31 04:00:00,86
2022-01-31 05:00:00,93
2022-01-31 06:00:00,88
2022-01-31 07:00:00,92
2022-01-31 08:00:00,96
2022-01-31 09:00:00,94
2022-01-31 10:00:00,97
2022-01-31 11:00:00,96
2022-01-31 12:00:00,97
2022-01-31 13:00:00,94
2022-01-31 14:00:00,89
2022-01-31 15:00:00,92
2022-01-31 16:00:00,89
2022-01-31 17:00:00,92
2022-01-31 18:00:00,94
2022-01-31 19:00:00,94
2022-01-31 20:00:00,90
2022-01-31 21:00:00,93
2022-01-31 22:00:00,90
2022-01-31 23:00:00,91
2022-02-01 00:00:00,95
2022-02-01 01:00:00,92
2022-02-01 02:00:00,95
2022-02-01 03:00:00,96
2022-02-01 04:00:00,92
2022-02-01 05:00:00,95
2022-02-01 06:00:00,93
2022-02-01 07:00:00,95
2022-02-01 08:00:00,100
2022-02-01 09:00:00,102
2022-02-01 10:00:00,103
2022-02-01 11:00:00,100
2022-02-01 12:00:00,108
2022-02-01 13:00:00,108
2022-02-01 14:00:00,99
2022-02-01 15:00:00,98
2022-02-01 16:00:00,94
2022-02-01 17:00:00,98
2022-02-01 18:00:00,98
2022-02-01 19:00:00,99
2022-02-01 20:00:00,98
2022-02-01 21:00:00,102
2022-02-01 22:00:00,107
2022-02-01 23:00:00,107
2022-02-02 00:00:00,111
2022-02-02 01:00:00,110
2022-02-02 02:00:00,105
2022-02-02 03:00:00,112
2022-02-02 04:00:00,108
2022-02-02 05:00:00,109
2022-02-02 06:00:00,108
2022-02-02 07:00:00,109
2022-02-02 08:00:00,116
2022-02-02 09:00:00,115
2022-02-02 10:00:00,117
2022-02-02 11:00:00,113
2022-02-02 12:00:00,111
2022-02-02 13:00:00,102
2022-02-02 14:00:00,101
2022-02-02 15:00:00,106
2022-02-02 16:00:00,101
2022-02-02 17:00:00,103
2022-02-02 18:00:00,107
2022-02-02 19:00:00,103
2022-02-02 20:00:00,101
2022-02-02 21:00:00,93
2022-02-02 22:00:00,100
2022-02-02 23:00:00,96
2022-02-03 00:00:00,98
2022-02-03 01:00:00,99
2022-02-03 02:00:00,93
2022-02-03 03:00:00,99
2022-02-03 04:00:00,95
2022-02-03 05:00:00,97
2022-02-03 06:00:00,94
2022-02-03 07:00:00,98
2022-02-03 08:00:00,105
2022-02-03 09:00:00,109
2022-02-03 10:00:00,107
2022-02-03 11:00:00,111
2022-02-03 12:00:00,109
2022-02-03 13:00:00,102
2022-02-03 14:00:00,103
2022-02-03 15:00:00,93
2022-02-03 16:00:00,94
2022-02-03 17:00:00,98
2022-02-03 18:00:00,104
2022-02-03 19:00:00,98
2022-02-03 20:00:00,98
2022-02-03 21:00:00,95
2022-02-03 22:00:00,94
2022-02-03 23:00:00,100
2022-02-04 00:00:00,96
2022-02-04 01:00:00,103
2022-02-04 02:00:00,101
2022-02-04 03:00:00,101
2022-02-04 04:00:00,107
2022-02-04 05:00:00,100
2022-02-04 06:00:00,104
2022-02-04 07:00:00,101
2022-02-04 08:00:00,107
2022-02-04 09:00:00,100
2022-02-04 10:00:00,103
2022-02-04 11:00:00,95
2022-02-04 12:00:00,89
2022-02-04 13:00:00,84
2022-02-04 14:00:00,81
2022-02-04 15:00:00,91
2022-02-04 16:00:00,83
2022-02-04 17:00:00,84
2022-02-04 18:00:00,84
2022-02-04 19:00:00,84
2022-02-04 20:00:00,83
2022-02-04 21:00:00,84
2022-02-04 22:00:00,84
2022-02-04 23:00:00,81
2022-02-05 00:00:00,82
2022-02-05 01:00:00,82
2022-02-05 02:00:00,79
2022-02-05 03:00:00,79
2022-02-05 04:00:00,79
2022-02-05 05:00:00,78
2022-02-05 06:00:00,77
2022-02-05 07:00:00,79
2022-02-05 08:00:00,77
2022-02-05 09:00:00,78
2022-02-05 10:00:00,77
2022-02-05 11:00:00,76
2022-02-05 12:00:00,76
2022-02-05 13:00:00,71
2022-02-05 14:00:00,70
2022-02-05 15:00:00,70
2022-02-05 16:00:00,65
2022-02-05 17:00:00,69
2022-02-05 18:00:00,64
2022-02-05 19:00:00,66
2022-02-05 20:00:00,66
2022-02-05 21:00:00,66
2022-02-05 22:00:00,70
2022-02-05 23:00:00,68
2022-02-06 00:00:00,68
2022-02-06 01:00:00,71
2022-02-06 02:00:00,70
2022-02-06 03:00:00,74
2022-02-06 04:00:00,76
2022-02-06 05:00:00,75
2022-02-06 06:00:00,76
2022-02-06 07:00:00,75
2022-02-06 08:00:00,75
2022-02-06 09:00:00,74
2022-02-06 10:00:00,70
2022-02-06 11:00:00,69
2022-02-06 12:00:00,67
2022-02-06 13:00:00,67
2022-02-06 14:00:00,67
2022-02-06 15:00:00,64
2022-02-06 16:00:00,66
2022-02-06 17:00:00,64
2022-02-06 18:00:00,63
2022-02-06 19:00:00,66
2022-02-06 20:00:00,64
2022-02-06 21:00:00,66
2022-02-06 22:00:00,65
2022-02-06 23:00:00,64
2022-02-07 00:00:00,67
2022-02-07 01:00:00,65
2022-02-07 02:00:00,66
2022-02-07 03:00:00,63
2022-02-07 04:00:00,64
2022-02-07 05:00:00,68
2022-02-07 06:00:00,70
2022-02-07 07:00:00,68
2022-02-07 08:00:00,73
2022-02-07 09:00:00,68
2022-02-07 10:00:00,74
2022-02-07 11:00:00,72
2022-02-07 12:00:00,73
2022-02-07 13:00:00,70
2022-02-07 14:00:00,61
2022-02-07 15:00:00,65
2022-02-07 16:00:00,63
2022-02-07 17:00:00,65
2022-02-07 18:00:00,70
2022-02-07 19:00:00,64
2022-02-07 20:00:00,64
2022-02-07 21:00:00,65
2022-02-07 22:00:00,63
2022-02-07 23:00:00,66
2022-02-08 00:00:00,69
2022-02-08 01:00:00,66
2022-02-08 02:00:00,69
2022-02-08 03:00:00,67
2022-02-08 04:00:00,67
2022-02-08 05:00:00,71
2022-02-08 06:00:00,71
2022-02-08 07:00:00,73
2022-02-08 08:00:00,80
2022-02-08 09:00:00,84
2022-02-08 10:00:00,80
2022-02-08 11:00:00,77
2022-02-08 12:00:00,80
2022-02-08 13:00:00,77
2022-02-08 14:00:00,71
2022-02-08 15:00:00,70
2022-02-08 16:00:00,73
2022-02-08 17:00:00,69
2022-02-08 18:00:00,70
2022-02-08 19:00:00,67
2022-02-08 20:00:00,67
2022-02-08 21:00:00,64
2022-02-08 22:00:00,62
2022-02-08 23:00:00,63
2022-02-09 00:00:00,59
2022-02-09 01:00:00,62

