"Time","_S_talo_S_LV02_TE03","_S_talo_S_LV01_TE03","_S_talo_S_LIV01_TE03","_S_talo_U_TE90","_S_talo_S_KLV01_TE01","_S_talo_S_LKV01_TV01","_S_talo_S_LKV01_TE03","_S_talo_S111_TE","_S_talo_S112_TE","_S_talo_S114_TE","_S_talo_S115_TE","_S_talo_S116_TE","_S_talo_S117_TE","_S_talo_S119_TE","_S_talo_S125_TE","_S_talo_S201_TE","_S_talo_S202_TE","_S_talo_S210_TE","_S_talo_S213_TE","_S_talo_S213b_TE","_S_talo_S214_TE","_S_talo_S214b_TE","_S_talo_S215_TE","_S_talo_S301_TE","_S_talo_S307_TE","_S_talo_S310_TE","_S_talo_S311_TE","_S_talo_S311b_TE","_S_talo_S312_TE","_S_talo_S313_TE","_S_talo_S316_TE","_S_talo_U_TE90","_S_talo_S111_QE","_S_talo_S112_QE","_S_talo_S114_QE","_S_talo_S115_QE","_S_talo_S116_QE","_S_talo_S117_QE","_S_talo_S119_QE","_S_talo_S125_QE","_S_talo_S201_QE","_S_talo_S202_QE","_S_talo_S210_QE","_S_talo_S213_QE","_S_talo_S213b_QE","_S_talo_S214_QE","_S_talo_S214b_QE","_S_talo_S215_QE","_S_talo_S301_QE","_S_talo_S307_QE","_S_talo_S310_QE","_S_talo_S311_QE","_S_talo_S311b_QE","_S_talo_S312_QE","_S_talo_S313_QE","_S_talo_S316_QE"
2022-02-09 13:00:00,27.5,37.3,37.3,1.74,85.4,28.9,57.8,22,21,22.1,21.9,22.6,23.1,22.2,20.8,21.8,21.6,21.6,20.5,21.9,21.1,22.0,21.2,20.7,21.5,21.6,21.9,22.7,21.3,21.4,21.9,1.74,0.524,436,0.476,0.614,0.331,0.476,0.597,463,688,492,451,454,0.431,840,0.211,454,434,474,490,471,489,438,711,610
2022-02-09 14:00:00,28.4,38.0,37.9,1.26,84.7,30.2,57.8,22,21,22.1,21.9,22.4,22.9,22.2,20.6,21.8,21.6,21.4,20.2,21.6,21.0,22.0,21.1,20.7,21.5,21.6,21.9,22.4,21.3,21.5,22.0,1.26,0.507,427,0.475,0.549,0.429,0.500,0.571,432,513,429,432,435,0.381,840,0.308,430,428,502,447,437,433,426,489,616
2022-02-09 15:00:00,27.8,37.2,38.5,1.19,82.6,28.0,58.0,21.9,21.1,21.9,21.8,22.2,22.7,22.1,20.6,21.2,21.4,21.5,20.6,21.5,21,22.0,20.9,20.5,21.5,21.5,22.0,22.1,21.3,21.4,21.9,1.19,0.471,419,0.500,0.707,0.404,0.428,0.525,421,432,420,422,426,0.319,839,0.126,423,424,455,424,426,423,418,425,480
2022-02-09 16:00:00,28.4,37.8,38.7,0.942,82.1,27.7,58.1,21.9,21.2,21.8,21.7,22.0,22.6,22.0,20.8,21.0,21.3,21.6,20.9,21.4,20.9,22.1,20.9,20.4,21.5,21.4,21.8,21.9,21.2,21.3,21.8,0.942,0.500,417,0.451,0.639,0.297,0.500,0.619,416,421,417,416,425,0.324,837,0.215,418,421,425,418,421,418,415,422,418
2022-02-09 17:00:00,28.0,38.8,38.3,0.855,82.2,28.9,58.0,21.9,21.2,21.8,21.7,22.0,22.5,22,20.8,20.9,21.3,21.6,20.9,21.4,21.0,22.0,20.9,20.5,21.5,21.6,21.9,22.1,21.2,21.2,21.7,0.855,0.476,417,0.419,0.561,0.369,0.500,0.547,413,418,415,415,426,0.405,840,0.201,417,418,414,417,431,421,412,420,416
2022-02-09 18:00:00,28.0,37.4,38.3,0.986,82.0,28.5,58.0,21.9,21.2,21.7,21.6,21.9,22.4,22,20.9,20.9,21.3,21.6,20.9,21.4,21,22.1,20.8,20.5,21.5,21.5,22.0,21.9,21.1,21.2,21.7,0.986,0.524,416,0.438,0.525,0.426,0.450,0.547,412,418,415,418,427,0.401,840,0.206,416,417,413,419,435,418,411,420,416
2022-02-09 19:00:00,28.4,38.5,38.5,1.20,81.7,28.8,58.0,21.9,21.2,21.6,21.6,22.3,22.3,22,20.9,21.0,21.3,21.5,21,21.4,21,22.1,20.8,20.5,21.5,21.4,21.9,22.0,21.1,21.2,21.7,1.20,0.500,415,0.476,0.596,0.429,0.500,0.524,412,418,414,418,424,0.406,840,0.171,416,418,412,417,422,416,411,419,416
2022-02-09 20:00:00,27.9,36.9,38.2,1.42,81.4,28.1,58.0,21.9,21.1,21.6,21.6,22.2,22.3,22.0,20.9,21,21.3,21.5,21.0,21.4,21,22.0,20.8,20.5,21.5,21.5,21.8,22.0,21.1,21.1,21.6,1.42,0.500,414,0.453,0.524,0.378,0.458,0.572,411,417,414,414,422,0.428,840,0.211,415,417,411,414,420,416,410,418,415
2022-02-09 21:00:00,27.9,38.5,38.4,0.999,81.2,28.1,58.0,21.8,21.1,21.6,21.5,22.0,22.2,21.9,20.8,21,21.2,21.5,21.0,21.4,21,22.0,20.8,20.5,21.5,21.6,21.7,22.0,21.2,21.1,21.6,0.999,0.500,414,0.476,0.561,0.403,0.494,0.547,411,418,414,413,423,0.475,840,0.122,415,417,411,414,417,416,410,418,415
2022-02-09 22:00:00,28.4,37.9,38.8,0.575,81.2,27.9,58.0,21.8,21.1,21.5,21.5,21.9,22.2,21.9,20.8,21,21.2,21.5,21.0,21.3,21,22.0,20.7,20.5,21.5,21.4,21.7,22.0,21.2,21.1,21.5,0.575,0.524,414,0.493,0.535,0.406,0.451,0.524,411,418,414,413,425,0.401,840,0.193,415,417,412,414,417,416,410,419,414
2022-02-09 23:00:00,28.2,38.6,38.3,0.854,80.9,27.8,58.0,21.8,21.1,21.5,21.5,22.2,22.1,21.9,20.8,21,21.2,21.5,21.0,21.3,21,22,20.7,20.5,21.5,21.6,21.7,22.0,21.1,21.1,21.5,0.854,0.500,415,0.460,0.619,0.403,0.500,0.572,411,418,414,415,426,0.403,840,0.221,416,416,412,414,418,417,411,419,415
2022-02-10 00:00:00,28.1,38.1,38.7,0.633,80.6,28.1,58.0,21.8,21.1,21.5,21.5,22.1,22.1,21.9,20.8,21,21.2,21.5,21.1,21.3,21,22.0,20.8,20.5,21.5,21.5,21.7,22.1,21.1,21.1,21.5,0.633,0.500,415,0.478,0.525,0.379,0.476,0.547,411,418,414,415,423,0.381,840,0.163,415,416,411,414,418,417,411,420,414
2022-02-10 01:00:00,28.7,38.4,38.7,0.418,80.7,29.0,57.9,21.8,21.1,21.5,21.5,21.9,22.1,21.9,20.8,21.0,21.2,21.5,21.1,21.3,21,22,20.8,20.5,21.4,21.4,21.6,22.0,21.1,21.1,21.5,0.418,0.500,415,0.429,0.528,0.333,0.524,0.524,411,418,414,421,426,0.403,840,0.0944,415,417,412,414,417,417,412,420,414
2022-02-10 02:00:00,28.1,39.5,39.6,-0.35,81.4,30.0,57.9,21.8,21.1,21.5,21.5,22.1,22.0,21.9,20.8,21.0,21.2,21.5,21.1,21.3,21,22.0,20.8,20.5,21.5,21.6,21.7,22.0,21.1,21.1,21.5,-0.35,0.500,415,0.500,0.594,0.454,0.500,0.549,411,418,415,419,422,0.336,840,0.236,416,416,412,414,418,418,412,420,414
2022-02-10 03:00:00,28.8,39.8,40.2,-1.1,81.4,28.9,58.1,21.8,21.1,21.6,21.6,22.2,22,21.9,20.8,21,21.2,21.4,21.1,21.3,21,22.1,20.8,20.5,21.5,21.4,21.6,22.0,21.1,21.0,21.5,-1.1,0.500,415,0.500,0.500,0.404,0.476,0.476,411,418,415,421,422,0.451,838,0.191,416,417,412,414,418,417,412,420,415
2022-02-10 04:00:00,28.9,40.3,41.3,-1.6,82.2,27.4,58.0,21.8,21.0,21.5,21.6,22.0,21.9,21.8,20.6,21.1,21.2,21.3,20.6,21.3,21,22.0,20.8,20.6,21.4,21.5,21.5,21.9,21.1,21,21.5,-1.6,0.500,419,0.475,0.692,0.357,0.453,0.524,421,425,419,419,426,0.428,836,0.122,423,418,415,417,420,418,414,422,415
2022-02-10 05:00:00,29.4,41.2,41.0,-2.1,84.0,28.2,58.0,21.8,21,21.5,21.5,22.0,22.0,21.8,20.5,21.0,21.2,21.1,20.3,21.3,21,22,20.8,20.7,21.5,21.5,21.5,22.0,21.1,20.8,21.5,-2.1,0.500,420,0.453,0.571,0.453,0.500,0.547,421,423,417,413,426,0.433,836,0.167,419,423,415,423,422,421,415,425,416
2022-02-10 06:00:00,29.1,40.2,41.3,-2.2,85.6,29.2,57.8,21.8,21,21.4,21.5,22.2,22.1,21.8,20.4,20.9,21.1,21,20.2,21.3,21,22,20.8,20.6,21.6,21.7,21.6,22.0,21.1,20.6,21.5,-2.2,0.500,421,0.476,0.588,0.428,0.500,0.621,421,422,418,416,426,0.401,836,0.233,422,419,455,444,427,431,415,423,417
2022-02-10 07:00:00,28.9,40.9,40.7,-1.1,86.5,27.1,58.0,21.9,21.0,21.6,21.5,22.3,22.4,22.0,20.5,21.1,21.6,21.1,20.1,21.3,21,22.0,21.3,20.5,21.7,21.7,21.7,22.4,21.1,20.6,21.5,-1.1,0.500,426,0.476,0.507,0.381,0.500,0.547,424,429,709,417,429,0.451,845,0.151,655,425,493,431,429,429,419,427,420
2022-02-10 08:00:00,28.2,38.1,38.7,0.325,85.8,28.3,58.1,21.9,21.0,21.7,21.5,22.4,22.8,22.2,20.7,21.3,22.1,21.2,20.1,21.3,21.1,22.1,21.6,20.5,21.6,21.5,21.8,22.5,21.2,20.6,21.5,0.325,0.500,427,0.475,0.572,0.379,0.476,0.547,426,501,718,420,442,0.451,850,0.142,664,427,478,430,430,462,422,429,420
2022-02-10 09:00:00,28.2,38.4,38.9,1.29,85.2,28.5,58.0,21.9,21.0,21.7,21.6,22.3,22.8,22.2,20.6,21.6,22.0,21.2,20.7,21.3,21.2,22,21.9,20.6,21.5,21.5,21.8,22.4,21.4,20.7,21.7,1.29,0.500,432,0.428,0.524,0.429,0.469,0.500,428,513,718,423,467,0.453,852,0.118,751,428,465,436,435,447,651,434,520
2022-02-10 10:00:00,27.5,36.2,37.3,1.94,85.0,28.8,58.1,21.9,21.0,21.7,21.6,22.4,22.9,22.2,20.6,21.3,21.9,21.2,20.5,21.3,21.1,21.9,21.5,20.7,21.6,21.4,21.8,22.4,21.8,20.7,21.7,1.94,0.453,434,0.476,0.554,0.428,0.483,0.500,432,452,547,428,453,0.428,844,0.0958,519,463,506,446,441,467,795,441,446
2022-02-10 11:00:00,27.8,37.8,37.4,1.74,84.3,28.3,57.9,22.0,21.0,21.7,21.7,22.4,23.0,22.2,20.7,21.2,22.0,21.3,21.0,21.3,21.1,22.0,21.8,21.2,21.6,21.5,21.8,22.4,21.7,20.8,21.8,1.74,0.524,437,0.500,0.613,0.471,0.475,0.500,433,448,764,436,525,0.453,841,0.214,666,771,554,455,448,464,511,450,532
2022-02-10 12:00:00,28.2,37.5,38.2,1.59,83.3,30.3,57.6,22.0,21.3,21.7,21.7,22.4,23.0,22.2,20.7,21.3,22.0,21.3,20.7,21.4,21.1,22.0,21.9,21.2,21.6,21.5,21.8,22.2,21.5,20.7,22.0,1.59,0.524,692,0.453,0.550,0.432,0.476,0.547,435,524,692,444,466,0.401,852,0.168,778,780,541,448,444,514,438,452,540
2022-02-10 13:00:00,27.8,37.4,37.2,1.75,82.7,28.7,58.0,22,20.9,21.7,21.7,22.3,22.9,22.1,20.6,21.5,22.0,21.2,20.7,21.4,21.2,22.1,21.9,21.0,21.6,21.6,21.8,22.1,21.5,20.8,22.0,1.75,0.500,556,0.475,0.543,0.430,0.475,0.500,435,513,731,438,460,0.311,852,0.217,624,611,525,456,447,454,575,452,598
2022-02-10 14:00:00,27.9,37.1,37.9,1.22,82.1,28.1,57.9,22.0,20.8,21.6,21.7,22.2,22.7,22.1,20.5,21.1,21.7,21.1,20.4,21.3,21.1,21.9,21.5,20.7,21.5,21.6,21.8,22.1,21.7,20.7,21.8,1.22,0.525,431,0.475,0.549,0.476,0.428,0.524,428,443,477,435,441,0.407,842,0.235,446,438,494,492,442,510,658,436,461
2022-02-10 15:00:00,28.6,38.5,39.7,0.191,81.4,29.1,58.2,21.9,21.1,21.6,21.6,22.0,22.5,22.0,20.6,20.9,21.6,21.3,20.7,21.3,21,22.0,21.1,21.3,21.4,21.6,21.9,21.9,21.6,20.7,21.8,0.191,0.476,426,0.500,0.572,0.453,0.426,0.571,424,432,427,423,434,0.378,840,0.269,429,785,451,463,443,435,482,447,429
2022-02-10 16:00:00,28.5,40.2,40.2,-0.87,82.2,27.1,58.0,21.9,21.1,21.5,21.6,21.9,22.4,22,20.8,21.0,21.5,21.4,20.9,21.3,20.9,22.0,21.0,21.8,21.5,21.4,21.8,22.1,21.4,20.9,21.8,-0.87,0.500,427,0.524,0.558,0.382,0.500,0.524,423,428,425,423,435,0.428,839,0.129,427,827,433,436,434,432,430,548,427
2022-02-10 17:00:00,28.8,39.9,40.9,-1.5,82.6,27.6,58.0,21.9,21.1,21.5,21.6,22.3,22.3,22.0,20.8,21,21.3,21.4,20.9,21.3,21.0,22,20.9,22.1,21.6,21.5,21.7,21.9,21.4,21.2,21.7,-1.5,0.453,427,0.500,0.560,0.379,0.500,0.500,422,426,425,423,435,0.394,840,0.229,426,744,427,432,431,431,472,611,425
2022-02-10 18:00:00,29.2,41.1,41.3,-2.0,83.3,28.5,58.0,21.9,21.1,21.4,21.5,22.1,22.2,21.9,20.8,21,21.2,21.4,20.9,21.3,21,22.1,20.9,21.7,21.5,21.6,21.8,22.1,21.6,21.3,21.7,-2.0,0.500,424,0.500,0.557,0.306,0.476,0.522,420,424,421,428,438,0.382,840,0.200,425,603,424,432,428,427,510,510,423
2022-02-10 19:00:00,29.4,40.7,41.6,-2.4,83.9,27.2,58.0,21.9,21.1,21.5,21.5,21.9,22.2,21.9,20.8,21,21.2,21.4,20.9,21.3,21.0,22.0,20.9,21.4,21.4,21.5,21.9,22.0,21.4,21.3,21.7,-2.4,0.525,419,0.499,0.586,0.358,0.500,0.525,416,420,418,426,429,0.342,839,0.0625,420,441,418,440,429,427,427,428,418
2022-02-10 20:00:00,29.1,41.4,41.9,-2.8,84.6,26.8,58.1,21.9,21.1,21.6,21.4,22.2,22.1,21.9,20.8,21,21.2,21.4,21,21.2,21,22.0,20.9,21.1,21.6,21.4,21.8,22.0,21.3,21.2,21.6,-2.8,0.500,418,0.500,0.574,0.376,0.500,0.500,414,418,415,422,426,0.453,840,0.146,417,423,415,417,420,421,415,421,416
2022-02-10 21:00:00,29.8,41.6,42.1,-3.0,85.0,27.1,58.0,21.9,21.1,21.5,21.6,22.2,22.1,21.9,20.8,21,21.2,21.4,21.0,21.2,21,22.0,20.9,21.0,21.5,21.6,21.8,22.0,21.2,21.2,21.6,-3.0,0.476,417,0.453,0.572,0.331,0.500,0.540,414,418,415,427,425,0.453,838,0.158,415,419,414,416,419,417,415,420,416
2022-02-10 22:00:00,29.4,40.8,42.2,-2.9,85.2,27.4,58.0,21.8,21.1,21.4,21.6,21.9,22,21.9,20.8,21,21.2,21.3,21,21.2,21,22.0,20.8,20.9,21.5,21.4,21.8,22.0,21.2,21.2,21.6,-2.9,0.500,417,0.500,0.689,0.333,0.476,0.533,412,418,415,424,427,0.285,839,0.150,416,418,412,415,419,418,414,419,415
2022-02-10 23:00:00,29.4,41.8,41.9,-2.8,85.9,27.9,58.0,21.8,21.0,21.5,21.5,22.1,22.0,21.9,20.8,21,21.1,21.4,21,21.2,21,22.0,20.8,20.8,21.5,21.6,21.7,22.0,21.2,21.2,21.6,-2.8,0.500,417,0.476,0.554,0.279,0.476,0.500,412,418,415,425,424,0.377,840,0.195,416,419,413,415,419,418,414,418,415
2022-02-11 00:00:00,29.4,41.2,42.5,-3.2,85.6,26.8,57.9,21.8,21.1,21.6,21.5,22.1,22.0,21.9,20.8,21,21.1,21.4,20.9,21.2,21,22.0,20.8,20.7,21.6,21.5,21.7,22.0,21.1,21.1,21.5,-3.2,0.500,418,0.500,0.543,0.267,0.429,0.594,413,418,415,430,425,0.399,839,0.190,417,419,413,416,418,418,412,419,415
2022-02-11 01:00:00,29.5,41.8,42.7,-3.5,85.9,27.5,58.0,21.8,21.1,21.5,21.4,21.9,22.1,21.8,20.8,21,21.1,21.3,20.9,21.2,21,22.0,20.8,20.7,21.4,21.4,21.7,22.0,21.1,21.1,21.5,-3.5,0.500,419,0.524,0.522,0.324,0.476,0.572,413,418,415,428,423,0.388,839,0.0792,417,419,412,414,418,419,412,420,416
2022-02-11 02:00:00,29.6,42.6,43.1,-3.9,87.0,28.3,58.0,21.8,21.1,21.5,21.6,22.2,22.0,21.8,20.7,21,21.1,21.4,20.9,21.2,21,22.0,20.8,20.6,21.5,21.6,21.7,22.0,21.1,21.1,21.5,-3.9,0.500,419,0.476,0.594,0.357,0.444,0.571,414,418,415,420,422,0.453,839,0.206,417,418,413,416,418,418,413,420,417
2022-02-11 03:00:00,30.1,41.7,43.4,-4.1,86.6,26.4,58.1,21.8,21.1,21.4,21.6,22.2,21.9,21.8,20.7,21,21.1,21.3,21.0,21.2,21,22.0,20.8,20.6,21.6,21.4,21.7,22.0,21.2,21.1,21.5,-4.1,0.500,419,0.476,0.547,0.342,0.461,0.549,414,418,415,420,425,0.422,839,0.119,417,418,414,416,418,418,415,421,416
2022-02-11 04:00:00,30.0,43.0,42.8,-4.4,87.9,26.0,58.1,21.9,21.0,21.6,21.5,22.0,22.0,21.8,20.6,21.1,21.1,21.3,20.4,21.2,21,22,20.8,20.5,21.4,21.5,21.6,22,21.2,21.0,21.5,-4.4,0.547,423,0.500,0.571,0.357,0.450,0.572,420,423,423,426,425,0.364,839,0.190,422,419,418,418,421,420,417,423,417
2022-02-11 05:00:00,29.9,42.7,44.5,-4.8,88.5,28.5,57.8,21.9,20.9,21.6,21.5,22.1,22.1,21.8,20.4,21.0,21.1,21.1,20.1,21.2,21,22.0,20.9,20.5,21.6,21.5,21.6,22.0,21.2,20.8,21.5,-4.8,0.500,424,0.500,0.572,0.358,0.476,0.524,421,423,420,424,421,0.307,837,0.192,421,423,452,424,424,441,422,426,419
2022-02-11 06:00:00,30.1,42.9,43.7,-4.6,90.4,27.1,58.2,21.9,21.0,21.5,21.4,22.3,22.2,21.8,20.4,20.9,21.1,21.0,20.3,21.2,21.2,22.0,20.9,20.4,21.6,21.6,21.7,22.0,21.2,20.6,21.5,-4.6,0.524,425,0.500,0.547,0.376,0.500,0.524,422,424,421,430,437,0.451,848,0.121,427,421,456,446,432,436,419,425,418
2022-02-11 07:00:00,29.4,42.1,42.3,-3.4,90.9,27.1,58.1,21.9,21.0,21.5,21.6,22.3,22.6,22.0,20.5,21.1,21.4,21.3,20.8,21.3,21.6,22.3,21.2,20.6,21.5,21.8,21.8,22.4,21.2,20.6,21.5,-3.4,0.475,434,0.500,0.574,0.313,0.453,0.550,428,436,531,627,610,0.406,871,0.0708,606,428,476,447,438,472,426,433,427
2022-02-11 08:00:00,29.0,40.4,41.6,-1.6,90.1,27.1,57.9,22,21.0,21.5,21.7,22.6,23.4,22.3,20.7,21.0,21.5,21.7,21.3,22.0,22.1,22.5,21.4,20.6,21.5,21.6,21.9,22.9,21.4,20.6,21.5,-1.6,0.476,437,0.476,0.594,0.286,0.476,0.615,432,443,451,651,625,0.428,881,0.144,663,431,478,436,436,441,432,437,430
2022-02-11 09:00:00,28.6,39.3,39.2,-0.39,88.7,28.9,58.1,22,21,21.6,21.8,22.9,24.1,22.5,20.9,21,21.7,21.8,20.9,21.6,21.8,22.3,21.6,20.6,21.5,21.6,21.9,23.5,21.4,20.6,21.5,-0.39,0.500,436,0.475,0.591,0.287,0.500,0.572,432,447,605,586,496,0.428,869,0.192,670,431,468,437,436,525,433,436,429
2022-02-11 10:00:00,28.5,39.0,39.4,0.126,88.5,29.2,57.6,22,21.0,21.6,21.8,23.1,23.9,22.6,21.0,21.1,21.5,22.1,21.1,21.5,21.8,22.2,21.6,20.6,21.5,21.6,21.9,23.8,21.5,20.6,21.5,0.126,0.524,435,0.500,0.576,0.326,0.475,0.549,430,447,461,641,625,0.403,861,0.231,559,429,484,435,435,545,429,435,427
2022-02-11 11:00:00,27.9,37.9,38.6,0.519,87.5,29.2,57.9,22,21.0,21.7,21.8,23.1,23.5,22.5,20.9,21.1,21.8,22.1,21.2,21.6,21.6,22.2,21.6,20.5,21.5,21.6,21.9,23.5,21.5,20.6,21.5,0.519,0.500,436,0.500,0.563,0.476,0.475,0.500,431,448,545,661,631,0.404,867,0.296,646,430,518,440,439,468,430,437,428
2022-02-11 12:00:00,25.3,29.4,22.2,0.230,57.5,85.2,48.2,21.9,20.9,21.7,21.8,22.9,23.3,22.4,20.7,21.1,21.6,21.8,20.7,22.0,22.0,22.1,21.7,20.5,21.5,21.4,21.7,22.9,21.4,20.6,21.5,0.230,0.478,461,0.476,0.557,0.381,0.500,0.500,431,448,462,511,469,0.379,881,0.0722,671,431,510,441,436,458,430,436,428
2022-02-11 13:00:00,24.4,22.8,16.7,-0.023,23.8,100,31.8,21.5,20.6,21.5,21.7,22.6,23.0,22.1,20.4,20.8,21.4,21.2,20.5,21.7,21.6,21.7,21.5,20.2,21.3,21.2,21.4,22.2,21.1,20.2,21.3,-0.023,0.549,437,0.475,0.628,0.428,0.476,0.533,429,447,540,439,460,0.349,862,0.144,665,430,476,442,436,439,433,436,427
2022-02-11 14:00:00,23.9,21.3,16.0,-1.2,22.5,100,26.5,21.2,20.3,21.4,21.5,22.2,22.5,21.9,20.2,20.6,21.1,20.8,20.3,21.2,21.2,21.3,21.1,19.8,21.1,21.1,21.1,21.7,20.9,19.9,21.1,-1.2,0.524,434,0.451,0.563,0.379,0.500,0.514,429,444,452,437,455,0.367,835,0.168,553,427,466,436,433,435,431,435,425
2022-02-11 15:00:00,26.1,24.3,21.3,-2.2,73.3,78.2,52.8,21.0,20.2,21.2,21.4,21.9,22.2,21.7,20.1,20.4,20.8,20.8,20.4,21.0,20.8,21.2,20.6,19.5,21.1,21.2,21.1,21.4,20.8,19.6,20.9,-2.2,0.500,426,0.500,0.650,0.375,0.475,0.525,422,436,426,425,428,0.333,827,0.318,438,424,448,448,429,429,424,429,421
2022-02-11 16:00:00,27.3,27.4,24.1,-3.1,85.0,61.1,58.1,21.1,20.3,21.2,21.3,21.8,22.1,21.6,20.3,20.4,20.8,20.9,20.6,21,20.9,21.3,20.5,19.6,21.1,21.3,21.3,21.4,20.8,19.7,21.0,-3.1,0.500,426,0.475,0.589,0.364,0.476,0.524,421,428,423,425,426,0.382,831,0.256,426,423,429,446,427,426,421,427,420
2022-02-11 17:00:00,32.9,37.5,38.0,-3.7,86.0,36.8,58.2,21.2,20.4,21.3,21.3,22.0,21.9,21.6,20.4,20.5,20.9,21.0,20.8,21.1,20.9,21.4,20.5,19.8,21.1,21.3,21.3,21.5,20.9,19.9,21.1,-3.7,0.500,425,0.476,0.617,0.357,0.476,0.524,421,425,423,423,425,0.429,837,0.236,424,423,423,424,425,425,420,426,419
2022-02-11 18:00:00,29.3,41.6,42.7,-4.2,74.5,32.0,58.0,21.4,20.5,21.5,21.5,22.3,22.1,21.7,20.6,20.7,21.1,21.2,20.9,21.2,21.1,21.8,20.6,20.0,21.3,21.6,21.5,21.9,21.0,20.1,21.1,-4.2,0.500,425,0.451,0.571,0.334,0.475,0.547,421,425,423,423,428,0.404,840,0.191,423,423,421,421,425,424,419,426,419
2022-02-11 19:00:00,30.6,44.0,44.9,-4.6,86.0,25.6,58.1,21.5,20.6,21.7,21.7,22.1,22.2,21.7,20.6,20.7,21.2,21.2,20.9,21.2,21.1,22.0,20.7,20.2,21.4,21.6,21.5,22.1,21.1,20.1,21.1,-4.6,0.500,425,0.451,0.621,0.354,0.453,0.500,421,424,424,424,424,0.453,843,0.264,424,424,421,421,425,425,421,426,420
2022-02-11 20:00:00,29.6,42.3,43.9,-4.9,87.7,27.3,58.1,21.5,20.6,21.6,21.6,21.9,22.1,21.7,20.6,20.8,21.1,21.2,21.0,21.2,21.1,22.1,20.7,20.2,21.5,21.4,21.5,21.9,21.1,20.2,21.1,-4.9,0.500,425,0.474,0.549,0.239,0.453,0.500,421,424,425,424,421,0.458,843,0.235,422,424,421,420,425,425,420,427,419
2022-02-11 21:00:00,30.2,43.5,44.1,-4.8,88.0,26.6,58.0,21.5,20.7,21.5,21.4,22.3,22.0,21.7,20.6,20.8,21.0,21.2,21.0,21.2,21.0,22.0,20.6,20.3,21.5,21.6,21.6,22.0,21.0,20.2,21.2,-4.8,0.500,425,0.450,0.549,0.357,0.476,0.500,421,425,424,424,424,0.446,840,0.249,416,424,420,421,425,426,420,427,421
2022-02-11 22:00:00,30.1,41.9,43.6,-4.5,89.2,27.0,58.0,21.5,20.7,21.4,21.5,22.1,21.9,21.7,20.6,20.8,21,21.2,21.0,21.2,21.0,22,20.6,20.3,21.5,21.4,21.6,22.1,21.1,20.2,21.2,-4.5,0.500,426,0.476,0.596,0.331,0.451,0.524,421,425,425,423,425,0.406,837,0.219,416,424,420,422,425,426,420,426,420
2022-02-11 23:00:00,30.2,43.3,43.6,-5.1,88.9,27.5,58.0,21.5,20.7,21.5,21.6,21.9,22.1,21.7,20.6,20.8,21,21.3,21.0,21.2,21.0,22,20.7,20.3,21.5,21.5,21.6,21.9,21,20.2,21.2,-5.1,0.500,425,0.500,0.547,0.356,0.476,0.549,421,425,424,423,429,0.425,838,0.194,416,424,420,421,426,426,420,425,420
2022-02-12 00:00:00,30.3,43.6,44.7,-5.5,88.7,25.3,58.0,21.5,20.8,21.6,21.5,22.3,22.0,21.7,20.6,20.9,21,21.4,21,21.2,21,22.1,20.7,20.3,21.5,21.5,21.6,22.1,21,20.2,21.2,-5.5,0.500,425,0.476,0.572,0.358,0.500,0.572,421,424,423,427,423,0.381,840,0.288,415,418,419,421,425,426,420,426,420
2022-02-12 01:00:00,30.3,43.0,45.0,-5.7,88.5,25.5,58.0,21.6,20.8,21.5,21.4,22.1,21.9,21.7,20.6,20.9,21.0,21.3,21.0,21.1,21.0,22.1,20.7,20.3,21.5,21.4,21.6,21.9,21,20.2,21.2,-5.7,0.453,424,0.404,0.500,0.335,0.500,0.524,421,423,422,423,423,0.358,837,0.193,415,417,419,421,425,425,419,425,419
2022-02-12 02:00:00,30.4,44.0,45.1,-5.8,89.2,26.2,58.0,21.5,20.8,21.4,21.7,21.9,22.1,21.7,20.6,20.8,20.9,21.3,21.0,21.1,21,22.0,20.6,20.3,21.5,21.6,21.6,22.1,21,20.2,21.2,-5.8,0.500,424,0.476,0.547,0.289,0.500,0.500,420,423,421,423,426,0.407,839,0.0944,414,416,419,420,425,424,418,424,419
2022-02-12 03:00:00,30.4,43.4,44.9,-5.9,89.5,29.5,58.0,21.5,20.8,21.5,21.6,22.3,22.1,21.7,20.6,20.8,21.1,21.3,21,21.1,21,22.1,20.6,20.3,21.5,21.4,21.6,21.9,21,20.2,21.2,-5.9,0.476,423,0.476,0.713,0.401,0.476,0.500,419,422,421,423,422,0.381,838,0.143,414,416,418,419,425,424,418,424,418
2022-02-12 04:00:00,30.4,43.8,45.1,-5.8,89.4,24.5,58.0,21.5,20.8,21.6,21.4,22.1,22.0,21.7,20.6,20.8,21.0,21.3,20.9,21.1,21,22.0,20.6,20.3,21.5,21.6,21.6,22.1,21,20.2,21.2,-5.8,0.500,422,0.453,0.620,0.414,0.453,0.524,418,422,421,426,421,0.428,837,0.214,414,416,419,419,423,424,417,423,418
2022-02-12 05:00:00,30.2,43.3,44.6,-5.4,89.8,27.6,58.0,21.6,20.8,21.5,21.6,21.9,21.9,21.7,20.6,20.8,21,21.3,20.9,21.1,21,22.1,20.6,20.4,21.6,21.5,21.6,21.9,21,20.2,21.2,-5.4,0.478,422,0.475,0.571,0.314,0.500,0.525,417,421,420,419,417,0.442,838,0.226,414,415,417,418,423,423,417,423,417
2022-02-12 06:00:00,29.9,42.5,43.3,-4.7,90.4,27.4,58.0,21.6,20.8,21.4,21.6,22.4,22.1,21.7,20.6,20.8,21.0,21.3,21.0,21.1,21,22.0,20.6,20.4,21.5,21.5,21.6,22.0,21.0,20.2,21.2,-4.7,0.476,422,0.489,0.550,0.382,0.404,0.524,416,422,420,416,417,0.415,837,0.157,413,415,417,418,423,422,416,422,417
2022-02-12 07:00:00,29.8,42.6,43.4,-3.9,91.0,28.4,58.0,21.6,20.8,21.6,21.6,22.2,22.1,21.7,20.6,20.8,21.1,21.3,21,21.1,21,22.0,20.6,20.4,21.5,21.6,21.6,22.1,21,20.2,21.2,-3.9,0.500,423,0.463,0.572,0.431,0.500,0.524,417,422,419,420,417,0.453,840,0.192,414,415,417,419,424,421,416,423,416
2022-02-12 08:00:00,29.1,40.6,42.1,-2.6,90.0,27.0,58.0,21.6,20.9,21.6,21.5,21.9,22.0,21.7,20.6,20.8,21.0,21.3,21.0,21.1,21,22.0,20.6,20.4,21.6,21.4,21.6,21.9,21,20.2,21.2,-2.6,0.500,421,0.476,0.524,0.428,0.451,0.510,417,422,420,420,417,0.476,837,0.0958,414,415,417,419,423,421,416,423,415
2022-02-12 09:00:00,29.0,40.5,40.3,-1.0,88.9,27.5,58.0,21.6,20.9,21.6,21.5,22.0,22.2,21.8,20.7,20.8,21,21.4,21.0,21.2,21,22.0,20.6,20.4,21.4,21.6,21.6,22.2,21.1,20.3,21.2,-1.0,0.500,421,0.429,0.524,0.415,0.476,0.563,417,421,420,420,419,0.447,840,0.215,414,415,417,419,422,422,415,422,415
2022-02-12 10:00:00,28.1,38.6,38.4,0.427,87.8,27.9,58.0,21.6,20.9,21.6,21.6,22.2,22.4,21.9,20.8,20.9,21.0,21.5,21.1,21.2,21,22.0,20.6,20.5,21.5,21.5,21.6,22.2,21.1,20.3,21.3,0.427,0.547,422,0.476,0.549,0.381,0.500,0.549,416,422,420,422,420,0.431,839,0.217,413,415,417,419,422,421,417,423,415
2022-02-12 11:00:00,28.5,37.7,38.5,1.02,86.4,28.0,58.0,21.6,20.9,21.6,21.6,22.3,22.6,21.9,21,20.9,21.1,21.6,21.1,21.2,21.0,21.9,20.6,20.5,21.5,21.4,21.6,22.2,21.2,20.3,21.2,1.02,0.475,422,0.500,0.594,0.429,0.451,0.574,416,422,419,422,423,0.385,840,0.214,414,416,417,419,421,421,417,422,415
2022-02-12 12:00:00,28.0,37.9,38.8,0.862,85.8,27.9,58.1,21.6,20.9,21.6,21.6,22.3,22.6,21.9,21.0,20.9,21.1,21.7,21.1,21.2,21.0,21.8,20.6,20.5,21.4,21.5,21.6,22.0,21.2,20.3,21.2,0.862,0.500,421,0.500,0.648,0.336,0.476,0.571,416,422,419,420,423,0.451,840,0.166,413,416,417,418,423,421,416,422,416
2022-02-12 13:00:00,28.2,39.3,39.1,0.133,84.8,27.6,58.0,21.6,20.9,21.6,21.6,22.2,22.5,21.9,20.9,20.9,21.1,21.7,21.1,21.2,21,21.9,20.7,20.5,21.5,21.5,21.6,21.9,21.2,20.3,21.2,0.133,0.500,421,0.453,0.671,0.310,0.476,0.549,416,422,419,420,423,0.451,838,0.190,413,416,415,417,424,421,416,423,415
2022-02-12 14:00:00,28.7,38.8,39.2,-0.25,83.7,27.3,58.0,21.6,20.9,21.6,21.5,22.1,22.4,21.9,20.9,20.9,21.1,21.6,21.0,21.2,21.0,21.9,20.7,20.5,21.5,21.5,21.6,22.0,21.2,20.3,21.3,-0.25,0.476,421,0.453,0.619,0.339,0.475,0.547,415,422,419,420,419,0.358,835,0.163,413,416,416,417,422,421,415,423,414
2022-02-12 15:00:00,28.8,40.3,40.4,-0.94,82.7,27.3,58.0,21.6,20.9,21.5,21.5,21.9,22.3,21.8,20.8,20.9,21.0,21.6,21,21.2,20.9,21.9,20.6,20.5,21.5,21.6,21.6,22.0,21.1,20.3,21.3,-0.94,0.475,420,0.451,0.621,0.357,0.381,0.500,415,421,419,422,421,0.475,836,0.100,413,416,415,418,423,422,416,423,414
2022-02-12 16:00:00,28.8,39.5,40.1,-0.84,83.0,28.5,58.0,21.6,21.0,21.5,21.4,22.2,22.2,21.8,20.8,20.9,21.0,21.5,21.1,21.2,21,22.0,20.6,20.5,21.5,21.4,21.6,22.0,21.1,20.3,21.3,-0.84,0.500,421,0.500,0.569,0.425,0.476,0.524,416,421,419,421,419,0.406,839,0.143,413,417,416,418,424,421,417,422,413
2022-02-12 17:00:00,28.8,39.6,40.1,-0.79,83.1,26.4,58.0,21.6,21,21.4,21.6,22.2,22.1,21.8,20.8,20.9,21.0,21.5,21.1,21.2,21,21.9,20.6,20.5,21.5,21.6,21.6,22.0,21.0,20.3,21.3,-0.79,0.500,421,0.499,0.642,0.428,0.476,0.500,416,422,419,423,423,0.453,837,0.214,412,417,416,419,425,421,417,423,414
2022-02-12 18:00:00,28.7,40.0,40.9,-1.3,83.7,27.3,58.0,21.6,21.0,21.6,21.5,21.9,22.1,21.8,20.8,20.9,21,21.5,21.0,21.2,21,21.9,20.6,20.5,21.5,21.4,21.6,22.1,21,20.3,21.3,-1.3,0.476,422,0.524,0.597,0.357,0.500,0.524,416,423,420,422,425,0.476,836,0.236,414,417,416,419,426,422,417,424,415
2022-02-12 19:00:00,29.0,40.6,41.2,-1.7,83.8,27.3,58.0,21.6,21.0,21.6,21.4,22.1,22,21.8,20.7,20.8,21,21.5,21,21.2,21,21.9,20.6,20.5,21.5,21.6,21.6,22.0,21,20.3,21.3,-1.7,0.476,422,0.453,0.571,0.311,0.500,0.500,416,422,420,421,421,0.429,836,0.118,414,417,416,419,423,421,417,424,415
2022-02-12 20:00:00,28.7,40.0,39.8,-0.64,83.3,30.0,58.0,21.6,21,21.5,21.7,22.2,22.0,21.8,20.7,20.9,21,21.4,21.0,21.2,21,22.0,20.6,20.5,21.5,21.5,21.6,22.0,21,20.3,21.3,-0.64,0.429,422,0.500,0.547,0.263,0.476,0.547,416,422,421,419,418,0.381,837,0.138,414,417,417,420,424,423,417,423,415
2022-02-12 21:00:00,28.5,38.3,38.8,0.217,83.3,27.0,58.0,21.6,21,21.4,21.6,22.0,22.0,21.8,20.7,20.8,21,21.6,21.1,21.2,21,21.9,20.6,20.5,21.5,21.5,21.6,22.0,21,20.3,21.3,0.217,0.500,422,0.501,0.604,0.331,0.475,0.524,416,421,420,420,422,0.453,836,0.372,414,417,416,418,424,423,416,423,415
2022-02-12 22:00:00,28.2,38.6,38.8,0.702,83.8,28.7,58.0,21.6,21,21.5,21.5,22.0,22.1,21.8,20.7,20.8,21,21.6,21.1,21.2,21,21.8,20.6,20.5,21.5,21.6,21.6,22,21,20.3,21.3,0.702,0.500,422,0.451,0.589,0.256,0.426,0.549,415,422,420,420,424,0.403,837,0.170,414,418,417,418,426,423,418,423,414
2022-02-12 23:00:00,28.1,38.0,38.6,0.953,84.0,27.0,58.0,21.6,21,21.6,21.5,22.2,22,21.8,20.7,20.8,21.0,21.6,21.1,21.2,21,21.9,20.6,20.5,21.5,21.4,21.6,22.0,21,20.3,21.3,0.953,0.476,422,0.500,0.547,0.282,0.476,0.525,416,422,419,420,424,0.353,836,0.286,413,418,416,418,427,422,418,424,415
2022-02-13 00:00:00,28.0,37.8,38.5,1.11,83.2,28.2,58.0,21.6,21,21.5,21.4,22.0,21.9,21.7,20.7,20.8,21.0,21.6,21.1,21.2,21,21.8,20.5,20.5,21.5,21.6,21.6,22,21,20.3,21.3,1.11,0.500,422,0.500,0.572,0.429,0.451,0.547,417,422,419,421,425,0.381,836,0.189,414,418,416,419,426,421,417,424,415
2022-02-13 01:00:00,28.3,38.2,38.6,1.07,82.1,29.2,58.0,21.6,21,21.5,21.6,21.9,22.1,21.7,20.7,20.8,21,21.6,21.1,21.2,21,21.8,20.5,20.5,21.5,21.5,21.6,22,21,20.3,21.3,1.07,0.476,421,0.524,0.500,0.308,0.476,0.572,416,423,419,422,428,0.360,836,0.285,414,418,415,419,425,421,416,423,415
2022-02-13 02:00:00,28.4,37.9,38.7,0.725,81.2,28.0,58.1,21.6,21,21.5,21.6,22.2,22.1,21.7,20.7,20.8,21.0,21.5,21.1,21.2,21,21.8,20.5,20.5,21.5,21.5,21.5,22,21,20.3,21.3,0.725,0.547,421,0.476,0.665,0.381,0.500,0.524,416,422,419,420,423,0.379,836,0.261,413,418,414,418,425,421,417,423,415
2022-02-13 03:00:00,28.2,39.0,38.6,0.493,81.2,27.8,58.0,21.6,21,21.4,21.5,22.1,22,21.7,20.7,20.8,21.0,21.5,21.1,21.2,21,21.8,20.5,20.5,21.5,21.6,21.6,22.0,21,20.3,21.3,0.493,0.475,421,0.453,0.553,0.476,0.476,0.547,415,421,418,420,426,0.408,836,0.243,414,418,415,420,424,420,415,424,415
2022-02-13 04:00:00,28.2,38.0,38.5,0.478,81.1,28.3,58.1,21.6,21,21.6,21.5,21.9,22.0,21.8,20.7,20.8,21.0,21.5,21.0,21.2,21,21.9,20.5,20.5,21.5,21.4,21.5,22.0,21.0,20.3,21.3,0.478,0.500,421,0.453,0.596,0.404,0.524,0.524,415,421,418,421,418,0.447,835,0.263,414,418,415,418,424,421,417,424,414
2022-02-13 05:00:00,28.2,38.8,38.9,0.400,80.9,27.4,57.9,21.6,21,21.6,21.5,22.2,22.0,21.7,20.7,20.8,21.0,21.6,21,21.2,21,21.8,20.5,20.5,21.5,21.6,21.5,22.0,20.9,20.3,21.3,0.400,0.524,421,0.500,0.476,0.381,0.429,0.500,416,421,419,420,418,0.310,836,0.181,414,419,415,419,424,421,417,423,415
2022-02-13 06:00:00,28.8,38.9,39.3,0.211,82.2,27.7,58.1,21.6,21,21.5,21.7,22.1,22.1,21.7,20.7,20.8,21,21.5,21.0,21.2,21,21.9,20.5,20.5,21.5,21.4,21.5,22.1,20.9,20.3,21.3,0.211,0.500,420,0.500,0.546,0.453,0.453,0.524,415,421,420,419,417,0.500,836,0.244,414,418,415,419,424,421,417,423,415
2022-02-13 07:00:00,28.1,38.5,39.4,0.239,82.9,27.2,58.1,21.6,21,21.5,21.6,22.0,22.1,21.8,20.7,20.8,21.0,21.5,21.0,21.2,21,21.8,20.5,20.5,21.5,21.5,21.5,22.0,20.9,20.3,21.3,0.239,0.524,417,0.476,0.596,0.378,0.463,0.522,417,420,421,420,421,0.453,836,0.160,414,419,415,418,426,419,417,419,415
2022-02-13 08:00:00,28.6,39.1,39.0,0.379,82.8,26.5,58.0,21.6,21,21.5,21.5,22.0,22,21.8,20.7,20.8,21,21.6,21.1,21.2,21,21.9,20.5,20.5,21.5,21.5,21.5,22.0,20.9,20.2,21.3,0.379,0.500,417,0.492,0.595,0.358,0.490,0.500,416,418,420,421,421,0.500,836,0.202,414,418,416,419,422,417,417,419,415
2022-02-13 09:00:00,28.1,37.9,38.4,0.524,81.4,28.6,57.9,21.6,21,21.6,21.5,22.3,22,21.8,20.7,20.8,21,21.6,21.0,21.2,21,21.8,20.5,20.5,21.6,21.4,21.5,22.0,20.9,20.2,21.3,0.524,0.476,415,0.460,0.596,0.324,0.476,0.574,415,418,419,420,421,0.429,836,0.192,414,418,416,416,415,415,416,418,414
2022-02-13 10:00:00,28.2,39.0,38.6,0.628,81.3,27.1,58.0,21.6,21,21.6,21.5,22.1,22.0,21.8,20.7,20.9,21.1,21.6,21.1,21.2,21,21.8,20.5,20.5,21.6,21.6,21.5,22.1,20.9,20.2,21.3,0.628,0.500,414,0.453,0.556,0.319,0.476,0.524,415,417,418,419,418,0.382,836,0.315,413,416,414,411,415,414,415,417,411
2022-02-13 11:00:00,28.4,37.6,39.1,0.873,80.9,27.9,58.0,21.6,21,21.5,21.5,22.0,22.0,21.8,20.8,20.9,21.1,21.6,21.1,21.2,21,21.9,20.6,20.5,21.4,21.4,21.5,21.9,20.9,20.3,21.3,0.873,0.500,414,0.476,0.515,0.356,0.446,0.500,414,418,417,416,422,0.404,836,0.235,412,417,414,410,413,415,414,417,411
2022-02-13 12:00:00,27.8,37.9,38.5,1.07,80.9,28.9,58.0,21.6,21,21.5,21.5,21.9,22.1,21.8,20.8,20.9,21.1,21.6,21.1,21.2,21,21.8,20.6,20.5,21.5,21.5,21.5,22.0,20.9,20.2,21.3,1.07,0.500,413,0.500,0.569,0.360,0.481,0.524,414,417,416,418,424,0.429,836,0.240,413,416,412,410,413,414,413,416,412
2022-02-13 13:00:00,28.4,38.8,38.1,0.731,81.6,28.1,58.0,21.6,21,21.5,21.5,22.3,22.1,21.8,20.8,20.9,21.1,21.6,21.1,21.2,21,21.9,20.6,20.5,21.5,21.5,21.5,22.0,20.9,20.2,21.3,0.731,0.476,414,0.500,0.547,0.396,0.475,0.524,414,417,417,416,424,0.476,836,0.215,413,416,412,410,415,414,413,416,412
2022-02-13 14:00:00,28.4,38.1,38.6,0.516,81.0,28.7,58.0,21.6,21,21.5,21.5,22.1,22,21.8,20.8,20.9,21.1,21.6,21.1,21.2,21,21.8,20.6,20.5,21.6,21.4,21.5,22.0,20.9,20.2,21.3,0.516,0.500,414,0.429,0.500,0.383,0.500,0.507,415,417,418,418,423,0.381,836,0.261,413,417,416,411,414,414,415,417,413
2022-02-13 15:00:00,28.2,39.1,39.4,0.423,81.0,29.4,57.9,21.6,21,21.5,21.5,22.0,22.0,21.8,20.8,20.9,21.1,21.6,21.1,21.2,21,21.8,20.6,20.5,21.4,21.6,21.5,22.1,20.8,20.3,21.3,0.423,0.500,415,0.476,0.524,0.382,0.500,0.540,414,418,418,421,419,0.475,836,0.308,412,417,415,411,414,415,414,417,412
2022-02-13 16:00:00,28.2,37.8,38.8,0.513,81.1,28.6,58.0,21.6,21,21.5,21.5,22.0,22.0,21.8,20.8,20.9,21.1,21.6,21.1,21.2,21,21.9,20.6,20.5,21.5,21.4,21.5,21.9,20.8,20.2,21.3,0.513,0.453,415,0.476,0.500,0.358,0.500,0.500,415,418,418,423,420,0.405,836,0.230,413,417,413,411,414,415,415,417,413
2022-02-13 17:00:00,28.2,39.1,38.6,0.530,81.4,27.9,58.0,21.6,21,21.6,21.5,22.3,22.1,21.8,20.7,20.9,21.1,21.5,21.1,21.2,21,21.8,20.6,20.5,21.5,21.5,21.5,22,20.8,20.2,21.3,0.530,0.500,415,0.500,0.549,0.311,0.475,0.500,416,418,418,424,421,0.333,836,0.121,414,418,414,412,415,415,416,418,413
2022-02-13 18:00:00,28.2,38.1,38.6,0.712,81.3,28.4,58.0,21.6,21,21.6,21.6,22.1,22,21.8,20.8,20.9,21.1,21.5,21.1,21.2,21,21.8,20.5,20.5,21.5,21.5,21.5,22.0,20.8,20.2,21.3,0.712,0.500,415,0.476,0.500,0.407,0.476,0.524,415,418,419,423,425,0.453,836,0.142,414,417,413,412,414,415,416,417,413
2022-02-13 19:00:00,28.2,37.8,38.7,0.909,81.2,28.2,58.0,21.6,21,21.5,21.5,21.9,21.9,21.8,20.7,20.9,21.1,21.5,21.1,21.2,21,21.8,20.5,20.5,21.5,21.4,21.5,21.9,20.8,20.2,21.3,0.909,0.476,415,0.453,0.614,0.283,0.476,0.524,415,418,419,423,421,0.386,836,0.142,414,417,414,412,414,416,417,418,413
2022-02-13 20:00:00,28.1,38.5,38.4,1.02,80.9,30.2,58.0,21.6,21,21.5,21.5,22.2,22.0,21.8,20.7,20.9,21.1,21.5,21.1,21.2,21,21.8,20.5,20.5,21.5,21.6,21.5,22,20.7,20.2,21.3,1.02,0.500,416,0.476,0.506,0.379,0.476,0.547,415,418,418,421,417,0.374,836,0.268,414,416,414,412,414,416,417,418,414
2022-02-13 21:00:00,28.1,37.5,38.2,1.09,80.4,27.4,58.0,21.6,21,21.4,21.5,22.2,22.1,21.8,20.7,20.9,21.1,21.5,21.1,21.2,21,21.8,20.5,20.5,21.5,21.4,21.5,22.0,20.7,20.2,21.3,1.09,0.500,416,0.475,0.500,0.283,0.476,0.500,416,418,420,420,416,0.329,836,0.125,414,417,415,412,416,417,418,419,416
2022-02-13 22:00:00,28.1,37.9,37.8,1.52,80.5,29.0,58.0,21.6,21,21.6,21.5,22.0,22.0,21.8,20.7,20.8,21.1,21.5,21.1,21.2,21,21.8,20.5,20.5,21.5,21.5,21.5,22,20.7,20.2,21.3,1.52,0.500,417,0.476,0.500,0.329,0.500,0.525,415,418,419,424,421,0.429,836,0.189,414,417,416,413,416,416,418,419,414
2022-02-13 23:00:00,28.0,36.8,37.4,1.95,80.1,26.8,58.0,21.6,21,21.6,21.5,21.9,22.0,21.8,20.7,20.8,21.1,21.5,21.1,21.2,21,21.8,20.5,20.5,21.5,21.5,21.5,22,20.7,20.2,21.3,1.95,0.500,416,0.476,0.525,0.381,0.524,0.550,416,418,419,424,422,0.364,836,0.167,414,417,416,412,416,416,417,419,414
2022-02-14 00:00:00,27.9,37.0,37.3,1.84,79.5,27.4,58.0,21.6,21,21.5,21.5,22.2,21.9,21.8,20.7,20.8,21.1,21.5,21.1,21.2,21,21.8,20.5,20.5,21.5,21.4,21.5,22,20.7,20.2,21.3,1.84,0.476,416,0.500,0.524,0.286,0.500,0.500,417,418,420,426,430,0.372,836,0.351,414,417,415,413,415,417,417,419,415
2022-02-14 01:00:00,27.5,37.5,37.4,1.96,79.6,28.2,58.0,21.6,21,21.5,21.6,22.1,22.1,21.8,20.7,20.8,21.1,21.5,21.1,21.2,21,21.8,20.5,20.5,21.5,21.6,21.5,22,20.7,20.2,21.3,1.96,0.476,416,0.476,0.524,0.428,0.500,0.524,416,418,421,431,429,0.451,836,0.238,414,418,416,414,416,417,416,420,415
2022-02-14 02:00:00,28.0,36.4,37.2,2.14,79.4,29.6,58.0,21.6,21,21.5,21.6,21.9,22.1,21.8,20.7,20.8,21.1,21.5,21.1,21.2,21,21.8,20.5,20.5,21.5,21.4,21.5,22,20.7,20.2,21.3,2.14,0.500,417,0.454,0.593,0.318,0.451,0.524,416,418,419,430,428,0.429,836,0.213,414,418,416,415,416,417,417,420,415
2022-02-14 03:00:00,27.5,36.7,37.5,2.09,79.1,29.9,58.0,21.6,21,21.5,21.5,22.0,22.0,21.7,20.7,20.8,21.1,21.5,21.1,21.2,21,21.7,20.5,20.5,21.5,21.5,21.5,22,20.7,20.2,21.3,2.09,0.473,418,0.500,0.550,0.391,0.500,0.547,417,418,420,431,425,0.404,836,0.0838,414,419,416,414,416,417,418,420,414
2022-02-14 04:00:00,28.0,37.1,37.5,2.19,79.2,31.0,58.0,21.6,20.9,21.5,21.5,22.1,21.9,21.7,20.6,20.9,21.1,21.3,20.9,21.2,21,21.8,20.5,20.6,21.4,21.5,21.4,21.9,20.7,20.3,21.3,2.19,0.500,422,0.500,0.524,0.358,0.451,0.547,425,421,424,430,429,0.429,835,0.0958,418,420,420,417,419,421,420,422,420
2022-02-14 05:00:00,27.7,36.4,37.2,2.14,79.5,29.1,57.9,21.6,20.9,21.7,21.5,21.9,22.0,21.7,20.4,21,21.2,21.1,20.7,21.2,21,21.8,20.5,20.6,21.4,21.5,21.4,21.8,20.7,20.3,21.3,2.14,0.500,424,0.476,0.524,0.429,0.476,0.547,427,424,425,427,426,0.453,836,0.283,418,423,422,419,421,425,422,423,419
2022-02-14 06:00:00,27.7,36.9,37.2,2.03,81.0,28.6,58.2,21.6,20.9,21.8,21.6,22.0,22.1,21.8,20.3,21.1,21.2,21.0,20.5,21.2,21,21.7,20.6,20.9,21.5,21.6,21.4,21.8,21.0,20.4,21.3,2.03,0.476,431,0.474,0.524,0.302,0.427,0.500,428,428,445,430,429,0.450,836,0.175,420,522,436,426,428,436,627,445,421

